Title,Directory Categories,com,Directory Tags,country,alhatf_alxlwy,albryd_alilktrwny,alenwan,uidd
Swim Jordan Center,إعاقات متعددة,المراكز والمؤسسات,جهة خاصة;عمان,الأردن,,swimjordan.jo@gmail.com,مجمع الملك حسين للأعمال - King Hussein Business Park,1399
أكاديمية نبض للتعلم التفاعلي والتأهيل الشامل,إعاقات متعددة,المراكز والمؤسسات,جهة خاصة;عمان,الأردن,962779410971,nabdacademy@gmail.com,عمان - شفا بدران - حي الكون - شارع الفاتح تقاطع زهير بن حرب,1400
نادي رياضي للأشخاص ذو الاحتياجات الخاصة - Super Power Gym,إعاقات متعددة,المراكز والمؤسسات,جهة خاصة;عمان,الأردن,962795454624,m.agh85@yahoo.com,عمان - الدوار السابع - منطقة الروابي - شارع إبراهيم القطان مبنى رقم 62,1401
المركز العلمي للتوحد والاضطرابات النمائية,إعاقات متعددة,المراكز والمؤسسات,جهة خاصة;عمان,الأردن,962795020770,info@scadd.jo,الدوار الثامن - ضاحية الأمير راشد - شارع الكون فيلا رقم 13,1402
مركز التحدي الأكبر للتربية الخاصة,إعاقات متعددة,المراكز والمؤسسات,الكرك;جهة خاصة,الأردن,962799499050,,الكرك _ بالقرب من مؤسسة الإقراض الزراعي,1403
مركز التحدي الأكبر للتربية الخاصة,إعاقات متعددة,المراكز والمؤسسات,جهة خاصة;معان,الأردن,962796084240,,معان _ وادي الأشغال ,1404
ملتقى طيف التوحد,مبادرات مجتمعية وأنشطة,المراكز والمؤسسات,,الأردن,962796084240,m.danno@hotmail.com,عمان,1405
جمعية نور البركة,مبادرات مجتمعية وأنشطة,المراكز والمؤسسات,,الأردن,962786030145,nouralbarakah@gmail.com,عمان,1406
الأردن المهيأ,مبادرات مجتمعية وأنشطة,المراكز والمؤسسات,,الأردن,962797313346,info@accessiblejordan.com,محافظات المملكة الأردنية الهاشمية ,1407
مشروع الطفل العربي لتنمية القدرات,أماكن صديقة,المراكز والمؤسسات,,الأردن,962795369369,,جرش - مخيم غزة,1408
أنا أتعلم,مبادرات مجتمعية وأنشطة,المراكز والمؤسسات,,الأردن,962789727016,info@ilearnjo.com,جرش,1409
سامعك للتدريب و التأهيل,مبادرات مجتمعية وأنشطة,المراكز والمؤسسات,,الأردن,962797707421,info@samaak.org,عمان,1410
المسعف الصغير,مبادرات مجتمعية وأنشطة,المراكز والمؤسسات,,الأردن,962790414548,Littleparamedic.jo@gmail.com,جرش بشكل أساسي و باقي المحافظات حسب الطلب ,1411
مركز تنمية المجتمع المحلي الرويشد,أماكن صديقة,المراكز والمؤسسات,,الأردن,962798797826,tahapk@yahoo.com,الرويشيد _ مقابل محطة محروقات الرويشد _ بجانب المؤسسة الإستهلاكية المدنية ,1412
مركز تنمية المجتمع المحلي قرى الحمايدة,أماكن صديقة,المراكز والمؤسسات,,الأردن,962779575143,,فقوع	 _ منطقة الحنو _ قرب مسجد الخلفاء الراشدين ,1413
مركز تنمية المجتمع المحلي عين البيضا,أماكن صديقة,المراكز والمؤسسات,,الأردن,962791890409,Makaniproject@yahoo.com, الطفيلة _ عين البيضا _ الشارع الرئيسي ,1414
جمعية جبل طارق,أماكن صديقة,المراكز والمؤسسات,,الأردن,962772468044,malkawi_yahya@yahoo.com,الزرقاء _ جبل طارق _ شارع سليمان الشقيرات ,1415
مركز تنمية المجتمع المحلي العيص,أماكن صديقة,المراكز والمؤسسات,,الأردن,962789584052,,الطفيلة _ العيص _ شارع البلدية ,1416
مركز تنمية المجتمع المحلي تل المنطح,أماكن صديقة,المراكز والمؤسسات,,الأردن,962772084203,,دير علا _ طوال الجنوبي ,1417
مركز تنمية المجتمع المحلي أم صيحون,أماكن صديقة,المراكز والمؤسسات,,الأردن,962779305002,Sabahhashem20@gmail.com,البتراء _ أم صيحون _ الشارع الرئيسي ,1418
مركز حمزة - الشوبك,أماكن صديقة,المراكز والمؤسسات,,الأردن,962777428922,,الشوبك _ مقابل ديوان عشيرة الهباهبة ,1419
مركز تنمية المجتمع المحلي المريغة,أماكن صديقة,المراكز والمؤسسات,,الأردن,962777286062,K.darawsheh@yahoo.com, معان _ المريغة _ مقابل بلديه الشراه ,1420
مركز تنمية المجتمع المحلي النسيم,أماكن صديقة,المراكز والمؤسسات,,الأردن,962779909092,, جرش، طريق اربد _عمان، منطقة كفر خل، مقابل سجن قفقفة ,1421
مركز تنمية المجتمع المحلي جديتا,أماكن صديقة,المراكز والمؤسسات,,الأردن,962778490963,juditacomunitycenter@gmail.com,اربد _ لواء الكورة _ جديتا ,1422
مركز تنمية المجتمع المحلي بيت راس,أماكن صديقة,المراكز والمؤسسات,,الأردن,962777554794,Amalaabeh@yahoo.com,اربد _ بيت راس _ منطقة التطوير الحضري _ بجانب المركز الصحي ,1423
مركز ضرار,أماكن صديقة,المراكز والمؤسسات,,الأردن,962777341470,majdaalbalawneh@gmail.com,دير علا _ منطقة ضرار بن الأزور _ قرب روضة دير علا الجديدة ,1424
مركز تنمية مجتمع محلي عنجرة,أماكن صديقة,المراكز والمؤسسات,,الأردن,962778630990,aashwetr@yahoo.com,عجلون _ عنجرة _ شارع العشرين ,1425
مركز تنمية المجتمع المحلي أم نوارة,أماكن صديقة,المراكز والمؤسسات,,الأردن,962778345969,,القويسمة _ أم نوارة _ بقرب مركز صحي أم نوارة ,1426
مركز تنمية المجتمع المحلي الطرة,أماكن صديقة,المراكز والمؤسسات,,الأردن,962796832123,Wesam.abed@gmail.com,الرمثا _ الطرة _ وسط البلد _ دوار أمنية ,1427
جمعية بيت الكل الخيرية,أماكن صديقة,المراكز والمؤسسات,,الأردن,962776838970,huhassan@internationalmedicalcorps.org,الزرقاء _ قصبة الزرقاء _ حي معصوم _ خلف مسجد زين العابدين ,1428
مركز الحياة,أماكن صديقة,المراكز والمؤسسات,,الأردن,962795140098,azateemah@internationalmedicalcorps.org,المفرق _ قصبة المفرق	_ حي الضباط _ مقابل مسجد مدرسة الصناعة ,1429
مركز الرجيب,أماكن صديقة,المراكز والمؤسسات,,الأردن,962791604471,rajeeb@iccs-dpd.org,عمان _ القويسمة _ مقابل اسكان الأمن العام ,1430
مركز الكرك,أماكن صديقة,المراكز والمؤسسات,,الأردن,962772677940,,الكرك	_ الثنية _ مقابل المنظمة الدنماركية,1431
مركز الدبايبة,أماكن صديقة,المراكز والمؤسسات,,الأردن,962795002523,dbaibeh@iccs-dpd.org,عمان _ قصبة عمان _ مسجد الرضوان _ مديرية راس العين ,1432
مركز مخيم الزرقاء,أماكن صديقة,المراكز والمؤسسات,,الأردن,962797164743,,الزرقاء  _ مخيم الزرقاء _ قرب مخفر الشرطة ,1433
مركز الإيمان,أماكن صديقة,المراكز والمؤسسات,,الأردن,962795055176,nShouneh@iccs-dpd.org,إربد _ الأغوار الشمالية _ منطقة الرصانة _ قرب قاعة النور للأفراح ,1434
مركز الوسطية,أماكن صديقة,المراكز والمؤسسات,,الأردن,962795803304,wasatish@iccs-dpd.org,إربد _ الوسطية _ منطقة قميم,1435
مركز الضليل,أماكن صديقة,المراكز والمؤسسات,,الأردن,962772163483, dhulail@iccs-dpd.org,الزرقاء _ قصبة الزرقاء _ الضليل,1436
مركز أيتام مخيم الطالبية,أماكن صديقة,المراكز والمؤسسات,,الأردن,962779958636,asmaaabdalrhman94@gmail.com,عمان _ الجيزة _ شارع المطار ,1437
مركز أيتام البيادر,أماكن صديقة,المراكز والمؤسسات,,الأردن,962775711750,Maysajbara@hotmail.com,عمان_ وادي السير _ البيادر _ خلف مطعم القدس ,1438
مركز أيتام مخيم غزة,أماكن صديقة,المراكز والمؤسسات,,الأردن,962799787140,gazacamp87@gmail.com,جرش _ قصبة جرش _ مقابل مسجد صلاح الدين الأيوبي ,1439
مركز أيتام مخيم مادبا,أماكن صديقة,المراكز والمؤسسات,,الأردن,962780010903,Madaba@islamcc.org,مادبا	_ مخيم مادبا _ الشارع الرئيسي ,1440
مركز فرع الزرقاء,أماكن صديقة,المراكز والمؤسسات,,الأردن,962772334694,h_ancree@yahoo.com,الزرقاء _ قصبة الزرقاء _ شارع الفاروق ,1441
مركز المفرق,أماكن صديقة,المراكز والمؤسسات,,الأردن,962786607054,Braa.alhusban@gmail.com,المفرق _ قصبة المفرق _ شارع الجيش _ مقابل مبنى المحافظة ,1443
مركز الكورة,أماكن صديقة,المراكز والمؤسسات,,الأردن,962780330441,Makani2koura@gmail.com,إربد _ الكورة _ دير أبي سعيد _ بجانب حلويات العفوري ,1444
مركز أبو هريرة,أماكن صديقة,المراكز والمؤسسات,,الأردن,962796378185,,عمان _ قصبة عمان _ شارع حليمة السعدية ,1445
مركز الغور الصافي,أماكن صديقة,المراكز والمؤسسات,,الأردن,962790225180,,الكرك _ الأغوار الجنوبية _ غور الصافي ,1446
مركز غور المزرعة,أماكن صديقة,المراكز والمؤسسات,,الأردن,962795915292,,الكرك	_ الأغوار الجنوبية _ غور المزرعة,1447
مركز مخيم سوف,أماكن صديقة,المراكز والمؤسسات,,الأردن,962796559042,hadiaserha27@gmail.com,جرش	 _ مخيم سوف _ الشارع الرئيسي,1448
مركز أيتام مخيم حطين,أماكن صديقة,المراكز والمؤسسات,,الأردن,962781144988,Mmarkaz@yahoo.com,الزرقاء _ الرصيفة	_ مخيم حطين ,1449
مركز أيتام البقعة,أماكن صديقة,المراكز والمؤسسات,,الأردن,962788752431,baqaber@yahoo.com,البلقاء _ عين الباشا _ مخيم البقعة ,1450
مركز أيتام الرصيفة,أماكن صديقة,المراكز والمؤسسات,,الأردن,962786110131,,الزرقاء _ الرصيفة _ الجبل الشمالي _ دوار البركة ,1451
مركز الوحدات,أماكن صديقة,المراكز والمؤسسات,,الأردن,962780786059,,عمان _ لواء القويسمة _ شارع البسيوني,1452
مركز النظيف لرعاية الأسر الفقيرة,أماكن صديقة,المراكز والمؤسسات,,الأردن,962780010601,ma.hish@yahoo.com,عمان _ جبل النظيف ,1453
مركز مخيم اربد,أماكن صديقة,المراكز والمؤسسات,,الأردن,962790328221,irbed@iccs-dpd.org,إربد _ قصبة إربد _ شارع بلاط الشهدا _ تحت المجمع الشمالي ,1454
مركز صويلح,أماكن صديقة,المراكز والمؤسسات,,الأردن,962788787869,Ibraheem_mansi@yahoo.com,عمان _ لواء الجامعة _ صويلح ,1455
مركز أيتام المزار الجنوبي,أماكن صديقة,المراكز والمؤسسات,,الأردن,962788090695,arrbelal96@gmail.com,الكرك _ المزار الجنوبي _ شارع الإعمار ,1456
مركز أيتام المقابلين,أماكن صديقة,المراكز والمؤسسات,,الأردن,962799518262,mqablain@iccs-dpd.org,عمان _ لواء القويسمة _ منطقة المقابلين ,1457
نايا للتدريب والتنمية المجتمعية,مبادرات مجتمعية وأنشطة,المراكز والمؤسسات,,الأردن,962795109703,Info@Nayajo.org,الزرقاء ,1458
مبادرة بهجة,مبادرات مجتمعية وأنشطة,المراكز والمؤسسات,,الأردن,962795234194,lumajamjoum8@gmail.com,عمان ,1459
آدم ومشمش,مبادرات مجتمعية وأنشطة,المراكز والمؤسسات,,الأردن,962797644765,luma@Adamwamishmish.com,عمان ,1460
نشاطات صديق,مبادرات مجتمعية وأنشطة,المراكز والمؤسسات,,الأردن,962777392255,info@sdeq.com.jo,متوفر إلكترونياً ,1461
مبادرة متلازمة داون معنا، حياتنا لها معنى,مبادرات مجتمعية وأنشطة,المراكز والمؤسسات,,الأردن,962791214898,,جميع محافظات المملكة الأردنية الهاشمية,1462
مركز النور,أماكن صديقة,المراكز والمؤسسات,,الأردن,962796457127,alnoorcenter90@gmail.com,عمان _ القويسمة _ مقابل مدينة الملك عبدالله الثاني الرياضية ,1463
مركز الجوفة,أماكن صديقة,المراكز والمؤسسات,,الأردن,962780010407,Joufeh@iccs-dpd.org,عمان _ منطقة الجوفة ,1464
مركز عز الدين القسام,أماكن صديقة,المراكز والمؤسسات,,الأردن,962780010506,rasha.m.z1984@gmail.com,عمان _ منطقة المحطة _ شارع سوق الخضار,1465
مركز العابورة,أماكن صديقة,المراكز والمؤسسات,,الأردن,962787615663,hussain@iccs-dpd.org,عمان _ جبل الحسين _ بالقرب من المخيم ,1466
مركز عزمي المفتي,أماكن صديقة,المراكز والمؤسسات,,الأردن,962780010405,Srenaalshuqairi@yahoo.com,اربد _ بني عبيد,1467
مجموعة الكرك للدعم الأسري,مجموعات دعم أسري,المراكز والمؤسسات,,الأردن,962796312168,,الكرك، مدرسة المنشية الثانوية الشاملة للبنات ,1468
مجموعة جرش للدعم الأسري,مجموعات دعم أسري,المراكز والمؤسسات,,الأردن,962796921189,,جرش، جمعية سيدات جرش الخيرية مقابل مديرية التنمية الاجتماعية بجانب الكنسية ,1469
مجموعة مأدبا للدعم الأسري,مجموعات دعم أسري,المراكز والمؤسسات,,الأردن,962796062765,,مأدبا، بيت اللقاء ,1470
مجموعة عين الباشا للدعم الأسري,مجموعات دعم أسري,المراكز والمؤسسات,,الأردن,962795062153,,البلقاء، عين الباشا، مركز المنار للتنمية الفكرية ,1471
مجموعة المفرق للدعم الأسري,مجموعات دعم أسري,المراكز والمؤسسات,,الأردن,962790960500,,المفرق، جمعية الأصايل للإبداع والفن التشكيلي ,1472
مجموعة الزرقاء للدعم الأسري,مجموعات دعم أسري,المراكز والمؤسسات,,الأردن,962795577686,,الزرقاء، مجمع النقابات المهنية ,1473
مجموعة إربد للدعم الأسري,مجموعات دعم أسري,المراكز والمؤسسات,,الأردن,,,اربد، ديوان آل حجازي ,1474
مجموعة السلط للدعم الأسري,مجموعات دعم أسري,المراكز والمؤسسات,,الأردن,962797015159,,السلط، جمعية موسى الساكت للتنمية ,1475
مجموعة جبل النظيف للدعم الأسري,مجموعات دعم أسري,المراكز والمؤسسات,,الأردن,,,عمان، جبل النظيف، مؤسسة رواد التنمية ,1476
مجموعة البنيات للدعم الأسري,مجموعات دعم أسري,المراكز والمؤسسات,,الأردن,,,عمان، البنيات، جمعية الشابات المسلمات في البنيات ,1477
مجموعة القويسمة للدعم الأسري,مجموعات دعم أسري,المراكز والمؤسسات,,الأردن,,,عمان، القويسمة، مكتبة حديقة الحسن - الدفاع المدني في القويسمة ,1478
مجموعة الفحيص للدعم الأسري,مجموعات دعم أسري,المراكز والمؤسسات,,الأردن,,,البلقاء، الفحيص، مركز نازك الحريري ,1479
مجموعة الوحدات للدعم الأسري,مجموعات دعم أسري,المراكز والمؤسسات,,الأردن,,,عمان، الوحدات، حديقة ومكتبة البشائر ,1480
مجموعة طبربور - جبل الحسين للدعم الأسري,مجموعات دعم أسري,المراكز والمؤسسات,,الأردن,,,عمان، طبربور _ جبل الحسين، جمعية أهالي وأصدقاء الأشخاص ذوي الإعاقة ,1481
مجموعة جبل عمان للدعم الأسري,مجموعات دعم أسري,المراكز والمؤسسات,,الأردن,,,عمان، جبل عمان، عمارة أيليت، شارع عقبة بن نافع,1482
مركز المنار للتنمية الفكرية / زي,إعاقات متعددة,المراكز والمؤسسات,البلقاء;جهة حكومية,الأردن,962779808090,,البلقاء، زي، قرب مسجد زي ,1483
مدرسة الرجاء لتعليم المعاقين سمعياً,إعاقات سمعية,المراكز والمؤسسات,الزرقاء;جهة خاصة,الأردن,962772281832,alrajaaschool@yahoo.com,الزرقاء، لواء الرصيفة، الجبل الشمالي، اسكان الامير طلال,1484
جمعية رعاية المعوقين,إعاقات ذهنية,المراكز والمؤسسات,الكرك;جهة تطوعية,الأردن,,,الكرك، الوسية، جانب مركز الكرك للرعاية والتأهيل ,1485
مركز جمعية قضاء عرجان للتربية الخاصة,إعاقات متعددة,المراكز والمؤسسات,جهة تطوعية;عجلون,الأردن,962797660334,mhmmaddwekat44@gmail.com,عجلون، قضاء عرجان، قرية ابو الهوا، طريق راسون و عرجان ,1486
مركز المنار للتنمية الفكرية / المدينة الرياضية,إعاقات ذهنية,المراكز والمؤسسات,جهة حكومية;عمان,الأردن,962776944821,,عمان، المدينة الرياضية، حي الخرابشة، مقابل المدارس الأوروبية ,1487
مركز الأمل للتربية الخاصة,إعاقات ذهنية,المراكز والمؤسسات,المفرق;جهة تطوعية,الأردن,,,المفرق، شارع الجامعة، خلف مؤسسة الردايدة، بجانب مديرية العمل ,1488
مركز الأمل للتربية الخاصة,إعاقات ذهنية,المراكز والمؤسسات,إربد;جهة تطوعية,الأردن,,,إربد، لواء الرمثا ,1489
مدرسة الفنار الأساسية الخاصة,إعاقات متعددة,المراكز والمؤسسات,الزرقاء;جهة خاصة,الأردن,962796186461,,الزرقاء، الزرقاء الجديدة، البتراوي، دوار بادي الغويري، مقابل مدراس الهداية ,1490
جمعية سنا لدعم ذوي الإحتياجات الخاصة,إعاقات ذهنية,المراكز والمؤسسات,جهة تطوعية;عمان,الأردن,962788337515,info@sana.org.jo,عمان، الدوار السابع، شارع عبدالله غوشة ,1491
مركز الأطفال المبتسمين لذوي الإحتياجات الخاصة,إعاقات متعددة,المراكز والمؤسسات,جهة خاصة;عمان,الأردن,962779808090,hope_yes@hotmail.com,عمان، الجاردنز، الدخلة التابعة مباشرة بعد مطاعم المنقل‏,1492
أكاديمية سوا للتربية الخاصة,إعاقات متعددة,المراكز والمؤسسات,جهة خاصة;عمان,الأردن,962790902245,sawa.academy18@gmail.com,عمان، الرابية، بالقرب من مدارس كامبردج ,1493
مركز لبنى للتربية الخاصة,إعاقات متعددة,المراكز والمؤسسات,جهة خاصة;عمان,الأردن,962791017001,lubnacfse@gmail.com,عمان، الدوار السابع، خلف السي تاون، شارع تباشير 3 ,1494
جمعية التطوير المجتمعي للبادية الشمالية الخيرية,إعاقات متعددة,المراكز والمؤسسات,المفرق;جهة تطوعية,الأردن,962799904333,,المفرق، الشارع الرئيسي، بالقرب من البلدية ,1495
جمعية السرحان للتربية الخاصة,إعاقات متعددة,المراكز والمؤسسات,المفرق;جهة تطوعية,الأردن,962799650343,alserhansfse@gmail.com,المفرق، مغير السرحان، الشارع الرئيسي، خلف المدرسة الأساسية المختلطة ,1496
مركز CDR لذوي الاعاقة,إعاقات متعددة,المراكز والمؤسسات,جهة خاصة;عمان,الأردن,962772639073,beboo_198399@yahoo.com,عمان، الجبيهة، شارع ياجوز ,1497
جمعية التصلب اللويحي المتعدد الخيرية,إعاقات حركية,المراكز والمؤسسات,جهة تطوعية;عمان,الأردن,962772055433,,عمان، جبل الحسين، شارع خالد بن الوليد، عمارة السعادة ,1498
مركز لوفاس للتربية الخاصة,إعاقات متعددة,المراكز والمؤسسات,جهة خاصة;عمان,الأردن,962797763536,lovaas.center@yahoo.com,عمان، مرج الحمام، قرب دوار الجندي ,1499
مدرسة الأمل الأساسية للصم,إعاقات سمعية,المراكز والمؤسسات,جهة حكومية;عمان,الأردن,962792269197,alamaldeafammanfirst66@yahoo.com,عمان، ماركا، حي العبدللات - قرب حلويات النجمة ,1500
مركز العقبة الشامل للتربية الخاصة,إعاقات متعددة,المراكز والمؤسسات,العقبة;جهة حكومية,الأردن,962772136501,,العقبة، المنطقة الخامسة، شارع الملك عبدالله - بجانب مدرسة البطريك ثيودورس الاول ,1501
مركز آية للتربية الخاصة,إعاقات متعددة,المراكز والمؤسسات,جهة خاصة;عمان,الأردن,962796454538,aya_sec@yahoo.com,عمان، ماركا الشمالية، حي المزارع، شارع منصور السرحان - بناية 17 ,1502
مركز التأهيل والتشغيل المهني,إعاقات متعددة,المراكز والمؤسسات,إربد;جهة حكومية,الأردن,962795404949,,إربد، حي القصيلة، غرب مجمع الأغوار الجديد ,1503
جمعية الأمل للتربية الخاصة,إعاقات ذهنية,المراكز والمؤسسات,إربد;جهة تطوعية,الأردن,962778431315,alamal1236@yahoo.com,إربد، ايدون	الحي الغربي، قرب ديوان الخصاونة ,1504
مركز روح الشرق للتطوير,إعاقات متعددة,المراكز والمؤسسات,جهة خاصة;عمان,الأردن,,info@orientspirit.net,عمان، الدوار السابع، شارع ابراهيم قطان - مبنى رقم 62,1505
جمعية جابر للتنمية الإجتماعية,إعاقات حركية,المراكز والمؤسسات,المفرق;جهة تطوعية,الأردن,,,المفرق، جابر السرحان، الحي الشمالي - بالقرب من مدرسة جابر السرحان الثانوية ,1506
المدرسة الإنجيلية الأسقفية العربية,إعاقات بصرية,المراكز والمؤسسات,إربد;جهة خاصة,الأردن,962779089374,stjohn_b@hotmail.com,إربد، شارع البارحة، خلف جمعية آل حداد ,1507
مدرسة المخلص الإنجيلية الأسقفية العربية,إعاقات بصرية,المراكز والمؤسسات,الزرقاء;جهة خاصة,الأردن,,ses.1995@yahoo.com,الزرقاء، شارع الأمير نايف، مقابل مدرسة الروم الأرثدوكس,1508
شركة مركز إنجاز للتوحد,توحد,المراكز والمؤسسات,جهة خاصة;عمان,الأردن,962776581322,info@enjaz-autsim.com,عمان، شفا بدران، خلف جامعة العلوم التطبيقية، بجانب مسجد الشهيد محمود الكايد - فيلا رقم (42),1509
مركز أصدقاء التوحد الخيري,توحد,المراكز والمؤسسات,العقبة;جهة تطوعية,الأردن,962796648966,,العقبة، خلف السيفوي، فلل المهندسين - قرب محكمة ضريبة الدخل ,1510
جمعية المنشية للتربية الخاصة,إعاقات ذهنية,المراكز والمؤسسات,المفرق;جهة تطوعية,الأردن,,,المفرق، منشية بني حسن ,1511
جمعية كفرنجة الخيرية,إعاقات حركية,المراكز والمؤسسات,جهة تطوعية;عجلون,الأردن,962795639172,abujalalb@gmail.com,عجلون، كفرنجة، طريق الأغوار - الحي الغربي الشمالي ,1512
مركز تنمية المجتمع المحلي,إعاقات حركية,المراكز والمؤسسات,إربد;جهة حكومية,الأردن,962772103399,,إربد، لواء الرمثا، الطرة، وسط البلد - دوار أمنية ,1513
مركز الزرقاء الشامل للتربية الخاصة,إعاقات متعددة,المراكز والمؤسسات,الزرقاء;جهة حكومية,الأردن,,,الزرقاء، جبل طارق، خلف المحافظة,1514
مدارس دار الأرقم الإسلامية وعمان الدولية,صعوبات تعلم,المراكز والمؤسسات,جهة خاصة;عمان,الأردن,962798518280,thaqafa150@yahoo.com,عمان، ضاحية الرشيد، شارع كمال منكو - قرب هيئة تنظيم قطاع النقل العام ,1515
مركز الرجاء للتربية الخاصة,إعاقات ذهنية,المراكز والمؤسسات,جهة خاصة;عمان,الأردن,,,عمان، رأس العين، حي الزهور، شارع ميمونة بنت الحارث - قرب غابة شهداء عمان - بناية رقم 86,1516
مركز أبو حطب للعلاج الطبيعي,إعاقات حركية,المراكز والمؤسسات,جهة خاصة;عمان,الأردن,,,عمان، صويلح، شارع الملكة رانيا، إشارة الدوريات - بناء (383),1517
المدرسة النموذجية للشلل الدماغي,إعاقات حركية,المراكز والمؤسسات,جهة تطوعية;عمان,الأردن,962795546972,cp_school_ammanfirst@yahoo.com,عمان، الشميساني، شارع رفعت الصليبي - بناية رقم 16,1518
أكاديمية طوبى للتربية الخاصة وتنمية القدرات,إعاقات ذهنية,المراكز والمؤسسات,جهة خاصة;عمان,الأردن,,,عمان، شارع مكة، خلف محطة السندباد للمحروقات ,1519
أكاديمية التميز الشامل,إعاقات ذهنية,المراكز والمؤسسات,جهة تطوعية;عمان,الأردن,962795516721,,عمان، شارع الأردن، قرب جامعة عمان العربية ,1520
جمعية الصداقة الأردنية الخيرية لذوي الإحتياجات الخاصة,إعاقات حركية,المراكز والمؤسسات,جهة تطوعية;عمان,الأردن,962797134415,,عمان، القويسمة، خلف كازية العصيوي _ مقابل عيادة جنى ,1521
المركز الإستشاري للتوحد,توحد,المراكز والمؤسسات,جهة خاصة;عمان,الأردن,962795557769,,عمان، شفا بدران، بجانب القيادة العامة لقوات الدرك ,1522
مركز المنار للتنمية الفكرية / المفرق,إعاقات ذهنية,المراكز والمؤسسات,المفرق;جهة حكومية,الأردن,,tahabk@yahoo.com,المفرق، الرويشد، الشارع الرئيسي - جانب المؤسسة الإستهلاكية,1523
مركز المنار للتنمية الفكرية /عجلون,إعاقات ذهنية,المراكز والمؤسسات,جهة حكومية;عجلون,الأردن,,,عجلون، عنجرة، طريق عمان القديم، حي سرارة - بجانب مكتب د.محمود ابو خلف,1524
مدرسة الأمل الثانوية المختلطة للصم,إعاقات سمعية,المراكز والمؤسسات,جهة حكومية;عمان,الأردن,,alamaldeafammanfirst66@yahoo.com,عمان، جبل اللويبدة، قرب دوار باريس - بجانب المركز الصحي الشامل ومؤسسة الأيتام,1525
جمعية الجنوب للتربية الخاصة,إعاقات متعددة,المراكز والمؤسسات,جهة تطوعية;معان,الأردن,,ssmaan1996@yahoo.com,معان، السطح، الطريق الصحراوي - قرب بيت التنمية والقرى,1526
جمعية الطيبة الجنوبية لذوي الإحتياجات الخاصة /البتراء,إعاقات متعددة,المراكز والمؤسسات,جهة تطوعية;معان,الأردن,962777244883,,معان، لواء البتراء ، بلدة الطيبة، مقابل مكتب بريد الطيبة ,1527
جمعية مهارات لرعاية وتأهيل ذوي الإعاقة,إعاقات متعددة,المراكز والمؤسسات,جهة تطوعية;معان,الأردن,,tharwa_a@yahoo.com,معان، طريق أذرح، خلف مسجد ماريا القبطية ,1528
مركز المنار للتنمية الفكرية /أذرح,إعاقات ذهنية,المراكز والمؤسسات,جهة حكومية;معان,الأردن,962795020224,,معان، مكان الشرطة سابقاً,1529
جمعية الأمل الخيرية /جرش,إعاقات متعددة,المراكز والمؤسسات,جرش;جهة تطوعية,الأردن,962779526856,,جرش، بناية الإتحاد العام للجمعيات الخيرية ,1530
جمعية أم الزيتون الخيرية,إعاقات متعددة,المراكز والمؤسسات,جرش;جهة تطوعية,الأردن,962772409099,,جرش، أم الزيتون، بجانب مدرسة الذكور ,1531
جمعية جرش لرعاية ذوي الإحتياجات الخاصة,إعاقات متعددة,المراكز والمؤسسات,جرش;جهة تطوعية,الأردن,962772091303,,جرش، شارع المفرق، بناية الإتحاد العام للجمعيات الخيرية ,1532
جمعية قفقفا للتنمية الاجتماعية,إعاقات متعددة,المراكز والمؤسسات,جرش;جهة تطوعية,الأردن,962772203004,,جرش، قفقفا، بجانب مسجد خباب بن الأرت,1533
مركز التأهيل المجتمعي للأشخاص ذوي الإعاقة,إعاقات متعددة,المراكز والمؤسسات,جرش;جهة دولية,الأردن,962795343339,jerashcbrc@yahoo.com,جرش، مخيم جرش، خلف مدارس وكالة الغوث - شارع الحدادة,1534
مركز نور الحياة للتربية الخاصة,إعاقات ذهنية,المراكز والمؤسسات,جرش;جهة خاصة,الأردن,,ayasrah_68@hotmail.com,جرش، حي ظهر السرو، قرب مدرسة جرش الأهلية ,1535
جمعية أم القطين لذوي الإحتياجات الخاصة,إعاقات متعددة,المراكز والمؤسسات,المفرق;جهة تطوعية,الأردن,962772167979,,المفرق، لواء البادية الشرقية، قضاء أم القطين ,1536
مركز سيدة السلام لذوي الإحتياجات الخاصة,إعاقات متعددة,المراكز والمؤسسات,العقبة;جهة تطوعية,الأردن,962777966829,,العقبة، المنطقة الثامنة، بجانب مسجد الرياطي,1537
جمعية أجيال الخيرية,إعاقات متعددة,المراكز والمؤسسات,العقبة;جهة تطوعية,الأردن,,ajyalaqaba@yahoo.com,العقبة، وسط البلد، بجانب مركز أمن المدينة ,1538
جمعية البادية الجنوبية للتربية الخاصة,إعاقات متعددة,المراكز والمؤسسات,العقبة;جهة تطوعية,الأردن,962777327856,,العقبة، القويرة، حي العمران  ,1539
مركز المنار للتنمية الفكرية / العقبة,إعاقات ذهنية,المراكز والمؤسسات,العقبة;جهة حكومية,الأردن,,,العقبة، القويرة، الشارع الدولي عمان_ العقبة - مقابل مستشفى القويرة العسكري,1540
جمعية الثغر لرعاية المعوقين,إعاقات ذهنية,المراكز والمؤسسات,العقبة;جهة تطوعية,الأردن,,,العقبة، المنطقة السادسة، قرب إتحاد عام الجمعيات الخيرية,1541
جمعية مؤسسة العناية بالشلل الدماغي,إعاقات حركية,المراكز والمؤسسات,العقبة;جهة تطوعية,الأردن,962797742850,cpsammjo@orange.jo,العقبة، المنطقة الرابعة، قرب مركز أبو زهرة التجاري ,1542
جمعية بصيرا الخيرية,إعاقات متعددة,المراكز والمؤسسات,الطفيلة;جهة تطوعية,الأردن,,jrofou@yahoo.com,الطفيلة، بصيرا، البلدة القديمة - شارع الفريوات,1543
مدرسة عبد الرحمن بن عوف للتربية الخاصة,إعاقات سمعية,المراكز والمؤسسات,الطفيلة;جهة حكومية,الأردن,,,الطفيلة، بجانب مركز صحي الطفيلة الأولى - قرب مديرية تربية الطفيلة ,1544
مركز الجود للتربية الخاصة,إعاقات متعددة,المراكز والمؤسسات,الكرك;جهة خاصة,الأردن,962772098084,,الكرك، مؤتة، حي الجامعة - مقابل صالة أنوار مؤتة,1545
جمعية اللورنس لذوي الإعاقة,إعاقات متعددة,المراكز والمؤسسات,الكرك;جهة تطوعية,الأردن,962797877427,umlorans2011@gmail.com,الكرك، لواء القصر، مقابل شركة الكهرباء ,1546
جمعية السرى لحقوق الأشخاص ذوي الإعاقة,إعاقات متعددة,المراكز والمؤسسات,الكرك;جهة تطوعية,الأردن,962796446321,faris.frhan@yahoo.com,الكرك، الثنية، قرب شركة الكهرباء ,1547
جمعية الشهيد عمر المجالي للتبرع بالقرنيات والأعضاء,إعاقات بصرية,المراكز والمؤسسات,الكرك;جهة تطوعية,الأردن,962799466667,hemoooo2015.hm@gmail.com,الكرك، بلدة الربة ,1548
جمعية نغم الحياة الخيرية,إعاقات متعددة,المراكز والمؤسسات,الكرك;جهة تطوعية,الأردن,962790525292,hemo2018.majali@gmail.com,الكرك، بلدة الربة ,1549
جمعية المدينة المنورة لرعاية ذوي الإحتياجات الخاصة وأسرهم الخيرية,إعاقات متعددة,المراكز والمؤسسات,الكرك;جهة تطوعية,الأردن,,,الكرك، العدنانية، مقابل مدرسة زيد بن حارثة,1550
مركز الكرك للرعاية والتأهيل,إعاقات ذهنية,المراكز والمؤسسات,الكرك;جهة حكومية,الأردن,962796984724,markez.karak@mosd.com.jo,الكرك، الوسية، بجانب جمعية مؤتة للتربية الخاصة ,1551
مركز القطرانة للتربية الخاصة,إعاقات ذهنية,المراكز والمؤسسات,الكرك;جهة حكومية,الأردن,,,الكرك، القطرانة، قرب المركز الصحي - بجانب مركز الشباب ,1552
جمعية غور الصافي للتنمية الإجتماعية,إعاقات ذهنية,المراكز والمؤسسات,الكرك;جهة تطوعية,الأردن,962797937157,,الكرك، غور الصافي، شارع السوق التجاري - جانب مدرسة الصافي الثانوية للبنين ,1553
مركز مؤاب لذوي الإحتياجات الخاصة,إعاقات ذهنية,المراكز والمؤسسات,الكرك;جهة تطوعية,الأردن,962795826797,khaledtarawna@yahoo.com,الكرك، الخالدية، المزار الجنوبي، مؤاب ,1554
جمعية سيدات غور الصافي للتنمية الإجتماعية,إعاقات ذهنية,المراكز والمؤسسات,الكرك;جهة تطوعية,الأردن,962795643422,saficrafts@gmail.com,الكرك، الأغوار الجنوبية، قرب مستشفى غور الصافي ,1555
مركز الكرك للشلل الدماغي,إعاقات حركية,المراكز والمؤسسات,الكرك;جهة تطوعية,الأردن,962797028053,cpf.karak@hotmail.com,الكرك، منطقة المنشية، بعد إشارة المستشفى العسكري - خلف مدرسة المنشية للبنين ,1556
جمعية الكرك لرعاية ذوي الإعاقات الحركية,إعاقات حركية,المراكز والمؤسسات,الكرك;جهة تطوعية,الأردن,,,الكرك، شارع مجمع النقابات المهنية سابقاً، مقابل مصاروة ,1557
جمعية البتراء للتربية الخاصة,إعاقات متعددة,المراكز والمؤسسات,جهة تطوعية;معان,الأردن,962795410168,mohammad.ghanem1@gmail.com,معان، وادي موسى، وسط البلد، نادي الشباب - ط أرضي ,1558
جمعية الشراه الجنوبية للتربية الخاصة,إعاقات متعددة,المراكز والمؤسسات,جهة تطوعية;معان,الأردن,,,معان، قضاء المريغة، مقابل مدرسة المريغة الأساسية للذكور,1559
جمعية الشوبك لرعاية الأيتام وذوي الإحتياجات الخاصة الخيرية,إعاقات متعددة,المراكز والمؤسسات,جهة تطوعية;معان,الأردن,962772696336,,معان، مثلث الشوبك، وسط البلد - مسجد مصعب بن عمير ,1560
جمعية الحسينية لرعاية وتأهيل المعاقين,إعاقات متعددة,المراكز والمؤسسات,جهة تطوعية;معان,الأردن,962777535251,,معان، الحسينية ,1561
جمعية الراجف للتربية الخاصة,إعاقات متعددة,المراكز والمؤسسات,جهة تطوعية;معان,الأردن,962772167185,,معان، البتراء، راجف، قرب مدرسة الراجف - حي الجمعية ,1562
مركز الكورة الشامل للتربية الخاصة,إعاقات متعددة,المراكز والمؤسسات,إربد;جهة حكومية,الأردن,,,إربد، الكورة، دير أبو سعيد ,1563
الجمعية الهاشمية لرعاية وتأهيل المعاقين,إعاقات متعددة,المراكز والمؤسسات,إربد;جهة تطوعية,الأردن,962777373034,the-hartrp-jordan@yahoo.com,إربد، كفر أسد، غرب إربد - مقابل بلدية الوسطية,1564
جمعية أصحاب الهمم للمعوقين,إعاقات متعددة,المراكز والمؤسسات,إربد;جهة تطوعية,الأردن,,kafrainy@gmail.com,إربد، الأغوار الشمالية، المشارع، الشارع الرئيسي - قرب مسجد أبو ذر الغفاري ,1565
أكاديمية الشمال للتدريب والتأهيل,إعاقات متعددة,المراكز والمؤسسات,إربد;جهة خاصة,الأردن,962785721799,robeidat78@yahoo.com,إربد، غرب دوار إربد مول، باتجاه طريق مجمع الغور ,1566
جمعية علعال الخيرية,إعاقات متعددة,المراكز والمؤسسات,إربد;جهة تطوعية,الأردن,962777548219,,إربد، علعال، مقابل مسجد علعال الكبير ,1567
مركز البقاعي للرعاية والتأهيل الشامل,إعاقات متعددة,المراكز والمؤسسات,إربد;جهة خاصة,الأردن,962798542071,alboqaiworld@gmail.com,إربد، الحي الشرقي، خلف مركز أمن الحي الشرقي ,1568
جمعية الشفاء لرعاية المعوقين,إعاقات متعددة,المراكز والمؤسسات,إربد;جهة تطوعية,الأردن,,,إربد، مثلث فوعرا، تحت مسجد الإيمان ,1569
جمعية المنشية لذوي الإحتياجات الخاصة,إعاقات متعددة,المراكز والمؤسسات,إربد;جهة تطوعية,الأردن,962788943188,,إربد، منشية بني حسن ,1570
جمعية سمر الخيرية,إعاقات ذهنية,المراكز والمؤسسات,إربد;جهة تطوعية,الأردن,962795639172,,إربد، بني كنانة، بلدة سمر - قرب بلدية الشعلة ,1571
مركز التأهيل المجتمعي للمعاقين,إعاقات متعددة,المراكز والمؤسسات,إربد;جهة دولية,الأردن,,irbidcbr94@yahoo.com,إربد، مخيم إربد، الحي الشمالي، شارع بلاط الشهداء - بجانب مدارس الوكالة ,1572
جمعية كفر عوان الخيرية,إعاقات متعددة,المراكز والمؤسسات,إربد;جهة تطوعية,الأردن,,,إربد، الكورة، كفر عوان، وسط البلد - قرب جامع العباس ,1573
جمعية اليرموك /لواء بني كنانة,إعاقات متعددة,المراكز والمؤسسات,إربد;جهة تطوعية,الأردن,962776642717,yarmouk_society99@yahoo.com,إربد، بني كنانة، حبراص، الشارع الرئيسي - تحت بلدية الكفارات ,1574
جمعية دير يوسف الخيرية,إعاقات ذهنية,المراكز والمؤسسات,إربد;جهة تطوعية,الأردن,,rabee.alomari@yahoo.com,إربد، دير يوسف، وسط البلد - مقابل المسجد الكبير,1575
الجمعية الخيرية للعمل الإجتماعي,إعاقات ذهنية,المراكز والمؤسسات,إربد;جهة تطوعية,الأردن,,charity4unable@gmail.com,إربد، حي التركمان، خلف المركز الصحي ,1576
جمعية ارحابا الخيرية,إعاقات ذهنية,المراكز والمؤسسات,إربد;جهة تطوعية,الأردن,962797520961,rehabacharity@gmail.com,إربد، المزار	ارحابا، الشارع الرئيسي - قرب مسجد النور ,1577
جمعية الطيبة الخيرية,إعاقات ذهنية,المراكز والمؤسسات,إربد;جهة تطوعية,الأردن,,alawnehyasmeen@gmail.com,إربد، لواء الطيبة، قرب مديرية التنمية الإجتماعية ,1578
جمعية أبي عبيدة الخيرية,إعاقات ذهنية,المراكز والمؤسسات,إربد;جهة تطوعية,الأردن,962772120110,,إربد، المزار الشمالي، قرب مدرسة بنات المزار الأساسية الاولى,1579
جمعية المشارع الخيرية,إعاقات ذهنية,المراكز والمؤسسات,إربد;جهة تطوعية,الأردن,,,إربد، الأغوار الشمالية، المشارع - قرب نادي المشارع ,1580
جمعية أبي الدرداء للتربية الخاصة,إعاقات ذهنية,المراكز والمؤسسات,إربد;جهة تطوعية,الأردن,962785552382,,إربد، زحر، بجانب ثانوية البنات,1581
مركز المنار للتنمية الفكرية/ إربد,إعاقات ذهنية,المراكز والمؤسسات,إربد;جهة حكومية,الأردن,962777776436,tamam.alatik@yahoo.com,إربد، طريق حوارة، قرب كازية الكراسنة - بجانب صالة بردى ,1582
مركز العناية بالسمع والنطق,إعاقات سمعية,المراكز والمؤسسات,إربد;جهة تطوعية,الأردن,962796317417,speech_hearing@yahoo.com,إربد، مجمع عمان القديم ,1583
الجمعية الأردنية للسمع والنطق,إعاقات متعددة,المراكز والمؤسسات,إربد;جهة تطوعية,الأردن,962799364637,jordanian.society_hs@yahoo.com,إربد، مقابل البوابة الشمالية لجامعة اليرموك,1584
مركز صوت الحياة للسمع والنطق,إعاقات سمعية,المراكز والمؤسسات,إربد;جهة خاصة,الأردن,962785195902,sound_live00@yahoo.com,إربد، شارع الملك طلال، مجمع المدينة المنورة - ط1,1585
جمعية ملكا الخيرية,إعاقات سمعية,المراكز والمؤسسات,إربد;جهة تطوعية,الأردن,962777780220,,إربد، ملكا، شرق المركز الصحي - قرب المقبرة,1586
جمعية جديتا الخيرية,إعاقات متعددة,المراكز والمؤسسات,إربد;جهة تطوعية,الأردن,,,إربد، الكورة، جديتا - الشارع الرئيسي,1587
جمعية النهضة للتحديات الحركية,إعاقات حركية,المراكز والمؤسسات,إربد;جهة تطوعية,الأردن,962777717917,nahdairbid@gmail.com,إربد، شارع محمد نجيب، قرب دائرة الأحوال المدنية ,1588
مركز إربد للشلل الدماغي,إعاقات حركية,المراكز والمؤسسات,إربد;جهة تطوعية,الأردن,,cpf.irbid@yahoo.com,إربد، شارع فلسطين، بداية حي طوال البارحة - قرب دار الأحداث ,1589
"جمعية العائلة البيضاء ""الألبينو"" الخيرية",إعاقات بصرية,المراكز والمؤسسات,إربد;جهة تطوعية,الأردن,,albino.jordan@barid.com,إربد، شارع الهاشمي، مقابل المسجد الهاشمي - مجمع الزهراوي ,1590
جمعية معاذ بن جبل الخيرية للمكفوفين,إعاقات بصرية,المراكز والمؤسسات,إربد;جهة تطوعية,الأردن,962795062164,,إربد، الأغوار الشمالية، الشونة الشمالي - قرب مديرية الأشغال العامة ,1591
بيت اللقاء لذوي الإحتياجات الخاصة,إعاقات متعددة,المراكز والمؤسسات,جهة تطوعية;جهة خاصة;مأدبا,الأردن,962788654998,sermigiordan@gmail.com,مأدبا، طريق ذيبان، منطقة التيم - بجانب المقبرة المسيحية الجديدة ,1592
مركز الأمل للتربية الخاصة,إعاقات ذهنية,المراكز والمؤسسات,جهة تطوعية;مأدبا,الأردن,962795062153,,مأدبا، صوفا، بعد المقبرة الاسلامية ,1593
جمعية عبد الرحمن بن عوف الخيرية,إعاقات سمعية,المراكز والمؤسسات,جهة تطوعية;مأدبا,الأردن,,fasatlaali@gmail.com,مأدبا، شارع الملك عبدالله، بناء عبدالله مرزوق - ط1,1594
جمعية الوفاق الخيرية,إعاقات سمعية,المراكز والمؤسسات,جهة تطوعية;مأدبا,الأردن,,abd_wledat@yahoo.com,مأدبا، لواء ذيبان، قرية المشرفة، الشارع العام - مقابل أسواق المدينة الإستهلاكية ,1595
جمعية السلط لرعاية وتأهيل ذوي الإعاقات الخيرية,إعاقات متعددة,المراكز والمؤسسات,البلقاء;جهة تطوعية,الأردن,962772281001,m_hisat69@yahoo.com,البلقاء، شارع الميدان، قرب مكتب إفتاء البلقاء - مقابل البنك التجاري الأردني ,1596
"مركز الجوفة المجتمعي للتأهيل ""بيت سليم """,إعاقات متعددة,المراكز والمؤسسات,البلقاء;جهة تطوعية,الأردن,962795111330,,البلقاء، لواء الشونة الجنوبية، قرية الجوفة، خلف المركز الصحي - بجانب الصندوق الأردني الهاشمي ,1597
جمعية البلاونة الخيرية,إعاقات متعددة,المراكز والمؤسسات,البلقاء;جهة تطوعية,الأردن,,nawalsalm@gmail.com,البلقاء، دير علا، البلاونة، منطقة أبي عبيدة البلاونة - بجانب شعبة البريد,1598
مركز الأمل للتربية الخاصة,إعاقات ذهنية,المراكز والمؤسسات,البلقاء;جهة تطوعية,الأردن,962776468564,,البلقاء، شارع بركة العامرية، بجانب مدارس البلقاء الإسلامية ,1599
مركز الأميرة عالية بنت الحسين للتربية الخاصة,إعاقات ذهنية,المراكز والمؤسسات,البلقاء;جهة تطوعية,الأردن,,,البلقاء، مخيم البقعة، قرب عيادات وكالة الغوث,1600
جمعية السلط الخيرية الإسلامية,إعاقات سمعية,المراكز والمؤسسات,البلقاء;جهة تطوعية,الأردن,962795319927,saltsociety@yahoo.com,البلقاء، السلط، مجمع الدوائر الحكومية - جسر زي ,1601
جمعية الروضة للتنمية الإجتماعية,إعاقات سمعية,المراكز والمؤسسات,البلقاء;جهة تطوعية,الأردن,,,البلقاء، لواء الشونة الجنوبية، منطقة الروضة - شارع البلدية ,1602
مؤسسة الأراضي المقدسة للصم,إعاقات سمعية,المراكز والمؤسسات,البلقاء;جهة تطوعية,الأردن,962792568382,hlid@go.com.jo,البلقاء، حي السلالم، بجانب مصنع الأدوية ,1603
جمعية الرؤى للمكفوفين/دير علا,إعاقات بصرية,المراكز والمؤسسات,البلقاء;جهة تطوعية,الأردن,,rooamk@yahoo.com,البلقاء، دير علا، الصوالحة - بجانب مسجد الصوالحة الكبير ,1604
جمعية سعد بن معاذ الخيرية لذوي الإحتياجات الخاصة,إعاقات متعددة,المراكز والمؤسسات,الزرقاء;جهة تطوعية,الأردن,962796268074,hamada.2029@hotmail.com,الزرقاء، حي الأمير محمد، الحاووز، شارع الأندلس - قرب مستشفى الزرقاء الحكومي ,1605
مركز التأهيل والتشغيل المهني,إعاقات متعددة,المراكز والمؤسسات,الزرقاء;جهة حكومية,الأردن,962777336637,,الزرقاء، شارع عمان_الرصيفة، بجانب جامع مدينة الحجاج - مقابل مخيم حطين ,1606
جمعية زارعي البسمة الخيرية,إعاقات متعددة,المراكز والمؤسسات,الزرقاء;جهة تطوعية,الأردن,962796843053,,الزرقاء، مخيم حطين، شارع الملك حسين - قرب صيدلية مكة - بناء317,1607
مركز الأمل الجديد لرعاية متعددي الإعاقات,إعاقات متعددة,المراكز والمؤسسات,الزرقاء;جهة حكومية,الأردن,962786453394,newhappy_center@yahoo.com,الزرقاء، الرصيفة، ياجوز، خلف مستشفى الأمير فيصل - بجانب مستودعات الصحة /التزويد,1608
مركز حطين للكشف المبكر عن الإعاقات والتأهيل المجتمعي,إعاقات متعددة,المراكز والمؤسسات,الزرقاء;جهة حكومية,الأردن,,,الزرقاء، الرصيفة ، مخيم حطين، الشارع الرئيسي - بجانب المركز الأمني ,1609
جمعية سيدات الضليل للتربية الخاصة,إعاقات ذهنية,المراكز والمؤسسات,الزرقاء;جهة تطوعية,الأردن,,fateman71@yahoo.com,الزرقاء، الضليل، مقابل مركز الرعاية وكازية الصالح ,1610
مركز التأهيل المبني على المجتمع المحلي,إعاقات متعددة,المراكز والمؤسسات,الزرقاء;جهة دولية,الأردن,962795023025,,الزرقاء، مخيم الزرقاء، شارع المدارس ,1611
جمعية خطوتنا,إعاقات متعددة,المراكز والمؤسسات,الزرقاء;جهة تطوعية,الأردن,962795851643,newstep_2010@hotmail.com,الزرقاء، الرصيفة، إسكان هاشم - داخل حديقة بركة الببسي(فرح),1612
مركز رؤيا للتربية الخاصة,إعاقات متعددة,المراكز والمؤسسات,الزرقاء;جهة خاصة,الأردن,962777736903,royaeducation@hotmail.com,الزرقاء، الزرقاء الجديدة، مقابل مسجد يافا الكبير ,1613
مركز مراد الأمل للتربية الخاصة,إعاقات متعددة,المراكز والمؤسسات,الزرقاء;جهة خاصة,الأردن,962795912600,,الزرقاء، حي السلام، شارع علي بن أبي طالب ,1614
مركز جمعية عثمان بن عفان للتربية الخاصة,إعاقات ذهنية,المراكز والمؤسسات,الزرقاء;جهة تطوعية,الأردن,962788140591,othman.society.jo@gmail.com,الزرقاء، الزرقاء الجديدة، شارع مكة المكرمة -بناء رقم 92,1615
جمعية السيدات العاملات,إعاقات حركية,المراكز والمؤسسات,الزرقاء;جهة تطوعية,الأردن,,w_wworkingsociety@hotmail.com,الزرقاء، الرصيفة، الجبل الجنوبي - شارع محمود سالم الحلبي - بناية 4,1616
شركة العطاء الشامل,إعاقات ذهنية,المراكز والمؤسسات,الزرقاء;جهة خاصة,الأردن,962799229966,alaaalmalki0@gmail.com,الزرقاء، الزرقاء الجديدة، عيادات البتراوي سابقاً - خلف السيفوي,1617
مركز الضليل للرعاية والتأهيل,إعاقات ذهنية,المراكز والمؤسسات,الزرقاء;جهة حكومية,الأردن,962785103384,,الزرقاء، الضليل، خلف أسواق الضليل المركزية - بجانب المدرسة المركزية للذكور ,1618
جمعية عقربا الخيرية التنموية / مركز النشاط النهاري للمعاقين الكبار,إعاقات ذهنية,المراكز والمؤسسات,الزرقاء;جهة تطوعية,الأردن,,,الزرقاء، حي رمزي، قرب مدرسة سعيد بن المسيب ,1619
المركز الإستشاري التطبيقي للتربية الخاصة,إعاقات ذهنية,المراكز والمؤسسات,الزرقاء;جهة خاصة,الأردن,962795654531,cacjo2012@gmail.com,الزرقاء، الرصيفة، طريق ياجوز، مقابل مديرية تربية الرصيفة ,1620
جمعية الخربة السمراء للإحتياجات الخاصة الخيرية,إعاقات متعددة,المراكز والمؤسسات,المفرق;جهة تطوعية,الأردن,,,المفرق، الخربة السمراء	، روضة الأمير محمد - قرب مدرسة الذكور,1621
جمعية رعاية الطفل الخيرية,إعاقات متعددة,المراكز والمؤسسات,المفرق;جهة تطوعية,الأردن,962779383795,,المفرق، البادية الشمالية الشرقية، السعيدية - جانب المسجد الكبير ,1622
جمعية الخالدية للتربية الخاصة,إعاقات متعددة,المراكز والمؤسسات,المفرق;جهة تطوعية,الأردن,962777782688,,المفرق، الخالدية ، شارع جمعية التنمية - مقابل مقبرة البقيع ,1623
مركز الرواء للتربية الخاصة,إعاقات ذهنية,المراكز والمؤسسات,المفرق;جهة خاصة,الأردن,962772228163,,المفرق، شارع ايدون، قرب نادي الطفل ,1624
جمعية تل الرماح للتنمية الاجتماعية,إعاقات حركية,المراكز والمؤسسات,المفرق;جهة تطوعية,الأردن,962777288230,,المفرق،البادية الشمالية الشرقية ،قضاء دير الكهف ,1625
جمعية أهالي الرويشد للعناية بالأشخاص المعوقين,إعاقات ذهنية,المراكز والمؤسسات,المفرق;جهة تطوعية,الأردن,962785842002,,المفرق، البادية الشمالية الشرقية، شارع بغداد - مقابل مبنى البلدية ,1626
جمعية رحاب لذوي الإحتياجات الخاصة,إعاقات ذهنية,المراكز والمؤسسات,المفرق;جهة تطوعية,الأردن,962788121170,,المفرق، رحاب بني حسن، قرب المؤسسة العسكرية ,1627
جمعية بلعما للتربية الخاصة,إعاقات ذهنية,المراكز والمؤسسات,المفرق;جهة تطوعية,الأردن,962777716775,,المفرق، بلعما، بجانب جمعية بلعما للتنمية,1628
جمعية صبحا لذوي الإحتياجات الخاصة,إعاقات ذهنية,المراكز والمؤسسات,المفرق;جهة تطوعية,الأردن,962779819796,,المفرق، البادية الشمالية ، صبحا وصبحية الشارع العام ,1629
جمعية حليمة السعدية لرعاية الأيتام الخيرية,صعوبات تعلم,المراكز والمؤسسات,المفرق;جهة تطوعية,الأردن,962772326266,halema079@yahoo.com,المفرق،البادية الشمالية الغربية ،قضاء حوشة - الحمراء,1630
جمعية عجلون الخيرية لشؤون الأشخاص ذوي الإعاقة,إعاقات متعددة,المراكز والمؤسسات,جهة تطوعية;عجلون,الأردن,962779817461,,عجلون، قرب مستشفى الإيمان ,1631
جمعية صلاح الدين لرعاية المعاقين والأيتام الخيرية,إعاقات متعددة,المراكز والمؤسسات,جهة تطوعية;عجلون,الأردن,962772152141,, عجلون ، حلاوة الهاشمية، بناء الصناعة والتجارة - ط3,1632
جمعية أصدقاء المجتمع للإعاقات الذهنية البسيطة والمتوسطة,إعاقات ذهنية,المراكز والمؤسسات,جهة تطوعية;عجلون,الأردن,962776929077,,عجلون ،وسط البلد ،مقابل الإتحاد العام للجمعيات الخيرية لمحافظة عجلون ,1633
جمعية الجبل للتربية الخاصة,إعاقات ذهنية,المراكز والمؤسسات,جهة تطوعية;عجلون,الأردن,962776929077,,عجلون ،الصخرة ،	الحي الشمالي ,1634
مركز جمعية الزهراء الخيرية للتربية الخاصة,إعاقات ذهنية,المراكز والمؤسسات,الزرقاء;جهة تطوعية,الأردن,962798342016,alzahraacharity@gmail.com,الزرقاء، الرصيفة	، الجبل الشمالي، خلف مدرسة جمانة - بناء رقم 25,1635
مركز سما للتجهيزات الطبية والسمعية,إعاقات متعددة,المراكز والمؤسسات,الزرقاء;جهة خاصة,الأردن,,,الزرقاء، شارع السعادة، مقابل البنك العربي والبنك الاسلامي - عمارة طارق سنتر - ط5 ,1636
مركز الترك لتقويم النطق واللغة,إعاقات سمعية,المراكز والمؤسسات,الزرقاء;جهة خاصة,الأردن,,,الزرقاء، شارع السعادة، عمارة السعادة - مقابل مطاعم السلام ,1637
مركز آل مكتوم للعناية بالشلل الدماغي,إعاقات حركية,المراكز والمؤسسات,الزرقاء;جهة خاصة,الأردن,962786760044,cpf-zarka@hotmail.com,الزرقاء، شارع السائب بن العوام، حي رمزي، خلف الدفاع المدني - جانب مسبح الفيروز,1638
مركز التعليم للجميع لتنمية وتطوير قدرات الطفل,إعاقات متعددة,المراكز والمؤسسات,جهة خاصة;عمان,الأردن,,info@learning2gether.com.jo,عمان، تلاع العلي، خلف أسواق السلطان - شارع عياض بن زهير - فيلا رقم 38,1639
الأكاديمية الوطنية للتربية الخاصة,إعاقات متعددة,المراكز والمؤسسات,جهة خاصة;عمان,الأردن,,,عمان، ماركا الجنوبية، المغيرات - مقابل شركة الكوكاكولا,1642
شركة البراءة للتجهيزات الطبية,إعاقات متعددة,المراكز والمؤسسات,جهة خاصة;عمان,الأردن,,baraa.bmc@gmail.com,عمان، جبل الحسين، دوار الداخلية - شارع الرازي - بناء 116,1645
مركز الخزامى,إعاقات متعددة,المراكز والمؤسسات,جهة خاصة;عمان,الأردن,,info@khuzamajo.org,عمان، شارع الإستقلال، خلف وزارة التنمية الإجتماعية,1648
جمعية بناة الوطن لرعاية وتأهيل المعوقين,إعاقات متعددة,المراكز والمؤسسات,جهة حكومية;عمان,الأردن,,,عمان، الأشرفية، شارع سوق عكاظ ,1650
جمعية أبو علندا للتنمية الاجتماعية,إعاقات متعددة,المراكز والمؤسسات,جهة تطوعية;عمان,الأردن,962797156966,,عمان، أبو علندا، شارع الكهف - داخل حديقة الشهيد محمد حمد الحنيطي ,1653
جمعية الحياة لرعاية وتأهيل المعوقين الخيرية,إعاقات متعددة,المراكز والمؤسسات,جهة تطوعية;عمان,الأردن,,association.alhayat.jo@gmail.com,عمان، الدوار الأول، شارع الرينبو,1659
جمعية الزهراء الخيرية لرعاية الطفولة,إعاقات متعددة,المراكز والمؤسسات,جهة خاصة;عمان,الأردن,962797795905,kurdi_hana@yahoo.com,عمان، تلاع العلي، خلف وزارة الزراعة - عمارة 29,1660
جمعية تنمية المرأة الأردنية للصم,إعاقات سمعية,المراكز والمؤسسات,جهة حكومية;عمان,الأردن,962777991499,deaf-women@hotmail.com,عمان، جبل الحسين، دوار المأمونية,1662
جمعية أنا إنسان للأشخاص ذوي الإعاقة,إعاقات متعددة,المراكز والمؤسسات,جهة تطوعية;عمان,الأردن,,iamahuman.isia@yahoo.com,عمان، شارع الاردن، عرجان - شارع رشيد بقدونس - مبنى 15,1664
الهيئة الهاشمية للمصابين العسكريين,إعاقات متعددة,المراكز والمؤسسات,جهة حكومية;عمان,الأردن,962795859211,hcdsjo@yahoo.com,عمان، حي المدينة الرياضية، منطقة الكرسي، بجانب أسواق السلام - شارع الشعب ,1665
جمعية الجنوب للتربية الخاصة,إعاقات متعددة,المراكز والمؤسسات,جهة تطوعية;معان,الأردن,,,معان، الطريق الصحراوي، قرب مبنى المحافظة,1666
جمعية البادية الوسطى لذوي الإحتياجات الخاصة,إعاقات متعددة,المراكز والمؤسسات,جهة تطوعية;عمان,الأردن,962777244883,,عمان، الموقر، بجانب مركز الملكة رانيا العبدالله لتكنولوجيا المعلومات ,1667
جمعية شمس الأمل لرعاية الأشخاص ذوي الإعاقة,إعاقات متعددة,المراكز والمؤسسات,جهة تطوعية;عمان,الأردن,962776750720,shmsalamal@gmail.com,عمان، سحاب، الحي الشمالي ، مجمع الباصات القديم - شارع صالة السيتي ,1668
الجمعية الأردنية للعلاج الوظيفي,إعاقات متعددة,المراكز والمؤسسات,جهة تطوعية;عمان,الأردن,962776085300,jost.jordan@gmail.com,عمان، وادي صقرة، شارع عرار,1672
مركز النورس للنطق واللغة,إعاقات متعددة,المراكز والمؤسسات,جهة خاصة;عمان,الأردن,,alnourascenter@yahoo.com,عمان، العبدلي، مجمع شيكاغو التجاري - ط1- مكتب 10,1673
جمعية تدريب وتأهيل الفتيات المعاقات الخيرية,إعاقات متعددة,المراكز والمؤسسات,جهة تطوعية;عمان,الأردن,,training_girls@yahoo.com,عمان، النزهة، خلف استقلال مول، مقابل مجمع سفيان الثوري - مبنى رقم 28,1674
مركز التأهيل المجتمعي للمعاقين/ مخيم الطالبية,إعاقات متعددة,المراكز والمؤسسات,جهة دولية;عمان,الأردن,,crc.talbeah@yahoo.com,عمان، الجيزة، مخيم الطالبية - قرب مدرسة الطالبية الثانوية للبنات ,1675
مركز التأهيل المجتمعي للمعاقين/ الوحدات,إعاقات متعددة,المراكز والمؤسسات,جهة دولية;عمان,الأردن,962796962578,wehdatcbr96@yahoo.com,عمان، مخيم الوحدات، شارع مدارس وكالة الغوث ,1676
جمعية شرق عمان الخيرية,إعاقات حركية,المراكز والمؤسسات,جهة خاصة;عمان,الأردن,,east.amman@yahoo.com,عمان، ماركا الجنوبية، شارع صالح حسن هملان، دوار اليونيسيف - مقابل مؤسسة نهر الاردن ,1677
مركز العناية والرعاية للتربية الخاصة,إعاقات متعددة,المراكز والمؤسسات,جهة خاصة;عمان,الأردن,,,عمان، القسطل، جسر المطار - قرب كازية النبر ,1678
جمعية أهالي وأصدقاء الأشخاص المعوقين,إعاقات متعددة,المراكز والمؤسسات,جهة تطوعية;عمان,الأردن,,fsspd17@gmail.com,عمان، جبل الحسين، شارع الجليل، قرب جامع المحسنين، مقابل مدرسة الرشيد الأساسية - بناية رقم 86,1679
المدرسة العربية للتربية الخاصة,إعاقات متعددة,المراكز والمؤسسات,جهة خاصة;عمان,الأردن,,arabicsse@yahoo.com,عمان، البنيات، شارع الحرية - بجانب صالة فينيسيا ,1680
أكاديمية العصام للتربية الخاصة,إعاقات متعددة,المراكز والمؤسسات,جهة خاصة;عمان,الأردن,,alessam.academy@gmail.com,عمان، مرج الحمام، إسكان سلطة المصادر الطبيعية - خلف محطة أبو زهرة للمحروقات ,1681
مركز بدوة للتربية الخاصة,إعاقات ذهنية,المراكز والمؤسسات,جهة تطوعية;عمان,الأردن,,sehanafseh@hotmail.com,عمان، اللويبدة، شارع عادل زعيتر - بجانب مكتب منظمة التحرير الفلسطينية ,1682
الأكاديمية الأردنية للرعاية الشاملة,إعاقات ذهنية,المراكز والمؤسسات,جهة خاصة;عمان,الأردن,,,عمان، ضاحية الرشيد ,1683
مركز إصرار للتربية الخاصة,إعاقات متعددة,المراكز والمؤسسات,جهة خاصة;عمان,الأردن,,israr.academy.jo@gmail.com,عمان، الرابية، مقابل مطعم أريج الشام - فيلا 19 ,1684
المركز الدولي للتدخل السلوكي,إعاقات ذهنية;توحد,المراكز والمؤسسات,جهة خاصة;عمان,الأردن,962797760333,ibic.jordan@gmail.com,عمان، الجبيهة، حي ام زويتينة، مقابل التعليم العالي - بجانب مدارس ليمار,1685
مركز شمس الأردن للتربية الخاصة,إعاقات ذهنية,المراكز والمؤسسات,جهة خاصة;عمان,الأردن,962797769640,shamsalordon@gmail.com,عمان، جاوا، قرب معصرة الزيتون ,1686
مركز السوسنة للتربية الخاصة,إعاقات ذهنية,المراكز والمؤسسات,جهة خاصة;عمان,الأردن,962795553489,iris4special@gmail.com,عمان، أبو نصير، قرب مستشفى الرشيد ,1687
مركز التحدي للتربية الخاصة,إعاقات ذهنية,المراكز والمؤسسات,جهة خاصة;عمان,الأردن,962790797172,althaddi4se@gmail.com,عمان، طريق المطار، بجانب جامعة الشرق الأوسط للدراسات العليا,1688
مركز المنار للتنمية الفكرية / سحاب,إعاقات ذهنية,المراكز والمؤسسات,جهة حكومية;عمان,الأردن,962776986334,,عمان، سحاب، العبدلية، طريق خشافية الدبايبة - قرب مركز شباب وشابات لواء سحاب ,1689
معهد التصحيح الزائد للتربية الخاصة,إعاقات ذهنية,المراكز والمؤسسات,جهة خاصة;عمان,الأردن,962786198616,h14seham@gmail.com,عمان، طبربور، إسكان الجيش، بجانب مبنى المتقاعدين العسكريين - مبنى رقم 16 ,1690
مركز القرية العربية لذوي التحديات الخاصة,إعاقات ذهنية,المراكز والمؤسسات,جهة خاصة;عمان,الأردن,,info@arabic.village-jo.com,عمان، شفا بدران، شارع عبد الحميد أبو ريشة، قرب مسجد الصابرين - قرب مركز الرعاية و الأيتام ,1691
جمعية أجواء الأردن الخيرية,إعاقات ذهنية,المراكز والمؤسسات,جهة تطوعية;عمان,الأردن,,info@ajwaa.org,عمان، أبو نصير، حي السعادة، شارع الكرامة - إشارة النصيرات - ط 1 - مكتب 7 ,1692
مؤسسة إدراك للتربية الخاصة,إعاقات ذهنية,المراكز والمؤسسات,جهة خاصة;عمان,الأردن,962798853637,zinagwor@yahoo.com,عمان، الدوار السابع، شارع إبراهيم القطان - فيلا رقم 27,1693
معهد الشرق الأوسط للتربية الخاصة,إعاقات ذهنية,المراكز والمؤسسات,جهة خاصة;عمان,الأردن,,meise.info@gmail.com,عمان، طبربور، خلف أسواق بدران - قرب مركز الفاروق للقرآن ,1694
مركز المدار الدولي للتربية الخاصة,إعاقات ذهنية,المراكز والمؤسسات,جهة خاصة;عمان,الأردن,,almadar.center@yahoo.com,عمان، المقابلين، الحسينية، دوار جويعد - قرب مدراس الحسينية  للذكور - بناء رقم 12 - ط.ارضي,1695
مركز دنيا الطفل لذوي الاحتياجات الخاصة,إعاقات ذهنية,المراكز والمؤسسات,جهة خاصة;عمان,الأردن,962791473035,,عمان، أبو علندا، حي الشيوخ _ مقابل مجمع زهرة الاردن - بناء رقم 14 ,1696
جمعية بيت المقدس الخيرية,إعاقات ذهنية,المراكز والمؤسسات,جهة تطوعية;عمان,الأردن,962795178973,bayt_almaqdes@hotmail.com,عمان، أم نوارة، شارع الدفاع المدني _ قرب مدارس صناع التفوق ,1697
مركز أوكسجين للرعاية والتأهيل,إعاقات ذهنية,المراكز والمؤسسات,جهة خاصة;عمان,الأردن,,o2jordan@hotmail.com,عمان، الدوار السابع، خلف محطة البرج للمحروقات، شارع عبدالرحمن خليفة - فيلا رقم 4,1698
مركز السند للتدريب,إعاقات متعددة,المراكز والمؤسسات,جهة خاصة;عمان,الأردن,,sundoskiswani@gmail.com,عمان، صويلح، شارع الملكة رانيا العبدالله، قرب مجدي مول - عمارة النبر - بناية رقم 313 - ط.أرضي,1699
مدرسة المسار لخدمات تطور الطفل,إعاقات ذهنية,المراكز والمؤسسات,جهة خاصة;عمان,الأردن,962795000048,info@almsar.edu.jo,عمان، خلدا، شارع الباقورة - بناء رقم 30,1700
مركز جاك سركيس,إعاقات متعددة,المراكز والمؤسسات,جهة خاصة;عمان,الأردن,,info@jacksarkis.com,عمان، خلدا، شارع وصفي التل - بناء339,1701
مركز رشا للتربية الخاصة,إعاقات متعددة,المراكز والمؤسسات,جهة خاصة;عمان,الأردن,,ksawla3@orange.jo,عمان، جبل عمان، شارع رياض المفلح، مقابل السفارة الفلسطينية - عمارة 34,1702
جمعية الهبة للأيتام ذوي الاعاقة,إعاقات متعددة,المراكز والمؤسسات,جهة تطوعية;عمان,الأردن,962796411221,hebaorphansorg@yahoo.com,عمان، ماركا الشمالية، مقابل بنك الإسكان، مجمع علي الحواري - ط2 - مكتب 13 ,1703
مركز الحاجة رفيقة لذوي الاحتياجات الخاصة النهاري الخيري للإعاقات الذهنية,إعاقات ذهنية,المراكز والمؤسسات,جهة تطوعية;عمان,الأردن,962795431828,rafikasadkatzakah@yahoo.com,عمان، الوحدات، حي أم تينة الجنوبي، شارع النهر بجانب المركز الصحي - حي العودة ,1704
جمعية نعمل لأجلكم,إعاقات متعددة,المراكز والمؤسسات,جهة تطوعية;عمان,الأردن,,,عمان، الهاشمي الشمالي، قرب جمعية النوارس,1705
جمعية التكاتف للصم والأيتام الخيرية,إعاقات سمعية,المراكز والمؤسسات,جهة تطوعية;عمان,الأردن,962797808998,,عمان، الوحدات، خلف حلويات السهل الاخضر ,1706
مركز أطلس الشرق للتوحد وتنمية القدرات,توحد,المراكز والمؤسسات,جهة خاصة;عمان,الأردن,,info@ea-autsim.com,عمان، الجبيهة، خلف مدارس الإبداع التربوي ,1707
مركز الهدبان للتربية الخاصة,إعاقات متعددة,المراكز والمؤسسات,جهة خاصة;عمان,الأردن,962778437080,info@alhadbancenter.com,عمان، الجبيهة، ضاحية الرشيد - شارع زينب الأسدية - بناية 24,1708
مركز التداوي لذوي الإعاقة,إعاقات متعددة,المراكز والمؤسسات,جهة خاصة;عمان,الأردن,,,عمان، وادي السير، البحاث,1709
الجمعية الأردنية للفنيل كيتون الخيرية,إعاقات ذهنية,المراكز والمؤسسات,جهة تطوعية;عمان,الأردن,962796417636,f.davvagh@yahoo.com / salehdabbagh@yahoo.com,عمان، الجاردنز، عمارة البنك الإسلامي - مكتب رقم 301,1710
المركز العربي للتربية الخاصة,إعاقات ذهنية,المراكز والمؤسسات,جهة خاصة;عمان,الأردن,962795661397,thearabcenter_se@yahoo.com,عمان، أم السماق، شارع إبراهيم مفلح العساف - فيلا30,1711
مركز وائل الترك للتجهيزات الطبية والسمعية,إعاقات سمعية,المراكز والمؤسسات,جهة خاصة;عمان,الأردن,,alturkwael@yahoo.com,عمان، جبل الحسين، دوار فراس، مجمع لؤلؤة القريني - ط 3,1712
مركز عمر بن الخطاب للأطراف الإصطناعية والمقومات الطبية,إعاقات حركية,المراكز والمؤسسات,جهة خاصة;عمان,الأردن,962795339699,jmcmt.obk@gmail.com,عمان، شارع الخالدي، مجمع ماجي الطبي - بناء رقم (19),1713
مركز عمان للتوحد,توحد,المراكز والمؤسسات,جهة خاصة;عمان,الأردن,962795241142,ammanautsim2007@gmail.com,عمان، طبربور، نزلة السهل الاخضر- بناء رقم 51,1714
جمعية الياسمين لأطفال الداون,متلازمة داون,المراكز والمؤسسات,جهة تطوعية;عمان,الأردن,962796593838,info@yasmeen-jo.com,عمان، مرج الحمام، خلف مدرسة أم عبهرة للبنين ,1715
حضانة وروضة ألوان للتعليم المبكر,إعاقات متعددة,المراكز والمؤسسات,جهة خاصة;عمان,الأردن,962787661155,colorsnursrey@hotmail.com,عمان، الجبيهة، شارع عبدالله بن خلاد، خلف البنك العربي، عمارة رقم 11 - ط ارضي,1716
المدرسة النموذجية للتربية الخاصة,إعاقات متعددة,المراكز والمؤسسات,جهة خاصة;عمان,الأردن,962789332944,info@namothajia.com,عمان، طريق مطار الملكة علياء الدولي، خريبة السوق - خلف مدارس بيت المقدس ,1717
مركز المنار للتنمية الفكرية / المقابلين,إعاقات ذهنية,المراكز والمؤسسات,جهة حكومية;عمان,الأردن,962796551080,,عمان، ضاحية الحج حسن، شارع الإذاعة - مقابل ضريبة الدخل ,1718
مركز الرازي للتربية الخاصة,إعاقات ذهنية,المراكز والمؤسسات,جهة خاصة;عمان,الأردن,962796963963,,عمان، الدوار السابع، شارع إبراهيم القطان - بجانب ميوزيك بوكس ,1719
مركز الأمل للتربية الخاصة,إعاقات ذهنية,المراكز والمؤسسات,جهة تطوعية;عمان,الأردن,,yusraqazazz@yahoo.com,عمان، بيادر وادي السير، حي الجندويل، شارع أحمد عقلة النسور - بناء رقم 29,1720
الجمعية الوطنية لذوي الاحتياجات الخاصة,إعاقات ذهنية,المراكز والمؤسسات,جهة خاصة;عمان,الأردن,,nasn@orange.jo,عمان، الجاردنز، شارع حكيم بن حزام - فيلا رقم 4,1721