0,1,2,3,4,5,6,7,8
Swin Jordan Center,إعاقات متعددة,المراكز والمؤسسات,جهة خاصة|عمان,الأردن,4ca506f8-b744-4086-a247-dcc4a5ba8af1,,swimjordan.jo@gmail.com,مجمع الملك حسين للأعمال - King Hussein Business Park
أكاديمية نبض للتعلم التفاعلي والتأهيل الشامل,إعاقات متعددة,المراكز والمؤسسات,جهة خاصة|عمان,الأردن,f14c0fa1-96e8-4780-ac0f-b0ecafe53b92,962779410971,nabdacademy@gmail.com,عمان - شفا بدران - حي الكون - شارع الفاتح تقاطع زهير بن حرب
نادي رياضي للأشخاص ذو الاحتياجات الخاصة - Super Power Gym,إعاقات متعددة,المراكز والمؤسسات,جهة خاصة|عمان,الأردن,9b507929-0f36-49b7-97ed-475b84eb983f,962795454624,m.agh85@yahoo.com,عمان - الدوار السابع - منطقة الروابي - شارع إبراهيم القطان مبنى رقم 62
المركز العلمي للتوحد والاضطرابات النمائية,إعاقات متعددة,المراكز والمؤسسات,جهة خاصة|عمان,الأردن,0d531637-25d5-4346-b08b-f22a4caee545,962795020770,info@scadd.jo,الدوار الثامن - ضاحية الأمير راشد - شارع الكون فيلا رقم 13
مركز التحدي الأكبر للتربية الخاصة,إعاقات متعددة,المراكز والمؤسسات,الكرك|جهة خاصة,الأردن,e0968a41-c79e-42f1-b878-a331ea7733ee,962799499050,,الكرك _ بالقرب من مؤسسة الإقراض الزراعي
مركز التحدي الأكبر للتربية الخاصة,إعاقات متعددة,المراكز والمؤسسات,جهة خاصة|معان,الأردن,c6e7161a-e1d0-4d85-a66b-45e3c245475e,962796084240,,معان _ وادي الأشغال
ملتقى طيف التوحد,إعاقات متعددة,المراكز والمؤسسات,,الأردن,4ce6077f-6c8b-47ec-8e16-db99d5cd8be1,962796084240,m.danno@hotmail.com,عمان
جمعية نور البركة,مبادرات مجتمعية وأنشطة,المراكز والمؤسسات,,الأردن,c16ad283-cb5d-4194-8662-9c30a5138595,962786030145,nouralbarakah@gmail.com,عمان
الأردن المهيأ,مبادرات مجتمعية وأنشطة,المراكز والمؤسسات,,الأردن,07bf2f67-4741-4457-aba4-7bdf438814b5,962797313346,info@accessiblejordan.com,محافظات المملكة الأردنية الهاشمية
مشروع الطفل العربي لتنمية القدرات,مبادرات مجتمعية وأنشطة,المراكز والمؤسسات,,الأردن,09ee55c7-c092-4f51-b80e-2427b54948ae,962795369369,,جرش - مخيم غزة
أنا أتعلم,أماكن صديقة,المراكز والمؤسسات,,الأردن,373b8c67-ef96-4ae1-a546-c609059ab61e,962789727016,info@ilearnjo.com,جرش
سامعك للتدريب و التأهيل,مبادرات مجتمعية وأنشطة,المراكز والمؤسسات,,الأردن,f9983321-b20f-434c-8e1a-88b2844c1710,962797707421,info@samaak.org,عمان
المسعف الصغير,مبادرات مجتمعية وأنشطة,المراكز والمؤسسات,,الأردن,2360bce9-6dd9-4d8f-91f9-6da92f15f042,962790414548,Littleparamedic.jo@gmail.com,جرش بشكل أساسي و باقي المحافظات حسب الطلب
مركز تنمية المجتمع المحلي الرويشد,مبادرات مجتمعية وأنشطة,المراكز والمؤسسات,,الأردن,280eb171-39d8-4448-905c-b772372c7886,962798797826,tahapk@yahoo.com,الرويشيد _ مقابل محطة محروقات الرويشد _ بجانب المؤسسة الإستهلاكية المدنية
مركز تنمية المجتمع المحلي قرى الحمايدة,أماكن صديقة,المراكز والمؤسسات,,الأردن,89ee05ae-5ed9-47ab-af13-fc84d46e4c75,962779575143,,فقوع	 _ منطقة الحنو _ قرب مسجد الخلفاء الراشدين 
مركز تنمية المجتمع المحلي عين البيضا,أماكن صديقة,المراكز والمؤسسات,,الأردن,845bbccb-4ba6-4a4f-87de-90f536cef4d7,962791890409,Makaniproject@yahoo.com,الطفيلة _ عين البيضا _ الشارع الرئيسي
جمعية جبل طارق,أماكن صديقة,المراكز والمؤسسات,,الأردن,5f2aa765-c000-488b-8d5d-5bd8ae62881d,962772468044,malkawi_yahya@yahoo.com,الزرقاء _ جبل طارق _ شارع سليمان الشقيرات
مركز تنمية المجتمع المحلي العيص,أماكن صديقة,المراكز والمؤسسات,,الأردن,fe1ff275-5ef7-4452-9b35-10608de2e2d2,962789584052,,الطفيلة _ العيص _ شارع البلدية
مركز تنمية المجتمع المحلي تل المنطح,أماكن صديقة,المراكز والمؤسسات,,الأردن,463d0e02-d7e4-470a-8ff0-9e6b9f0ef0a4,962772084203,,دير علا _ طوال الجنوبي
مركز تنمية المجتمع المحلي أم صيحون,أماكن صديقة,المراكز والمؤسسات,,الأردن,5e4bc1f4-db16-46b6-9691-30d5031334c1,962779305002,Sabahhashem20@gmail.com,البتراء _ أم صيحون _ الشارع الرئيسي
مركز حمزة - الشوبك,أماكن صديقة,المراكز والمؤسسات,,الأردن,62fa4cc3-dcdd-4c53-9c21-3a732bb7a34d,962777428922,,الشوبك _ مقابل ديوان عشيرة الهباهبة
مركز تنمية المجتمع المحلي المريغة,أماكن صديقة,المراكز والمؤسسات,,الأردن,b55199d5-c6c9-43b2-8ec3-73413c4483ef,962777286062,K.darawsheh@yahoo.com,معان _ المريغة _ مقابل بلديه الشراه
مركز تنمية المجتمع المحلي النسيم,أماكن صديقة,المراكز والمؤسسات,,الأردن,d14dd6f2-33ac-4373-82fb-a700389bcc6e,962779909092,,جرش، طريق اربد _عمان، منطقة كفر خل، مقابل سجن قفقفة
مركز تنمية المجتمع المحلي جديتا,أماكن صديقة,المراكز والمؤسسات,,الأردن,0bdfbade-7fd7-49eb-8e7a-f6d5fd763669,962778490963,juditacomunitycenter@gmail.com,اربد _ لواء الكورة _ جديتا
مركز تنمية المجتمع المحلي بيت راس,أماكن صديقة,المراكز والمؤسسات,,الأردن,01cef953-e620-4b82-869f-1c29fa924054,962777554794,Amalaabeh@yahoo.com,اربد _ بيت راس _ منطقة التطوير الحضري _ بجانب المركز الصحي
مركز ضرار,أماكن صديقة,المراكز والمؤسسات,,الأردن,05834cd3-05ea-4148-a054-8236fe38fd49,962777341470,majdaalbalawneh@gmail.com,دير علا _ منطقة ضرار بن الأزور _ قرب روضة دير علا الجديدة
مركز تنمية مجتمع محلي عنجرة,أماكن صديقة,المراكز والمؤسسات,,الأردن,d03ae207-bf22-405c-8c8d-cbb06bbb170b,962778630990,aashwetr@yahoo.com,عجلون _ عنجرة _ شارع العشرين
مركز تنمية المجتمع المحلي أم نوارة,أماكن صديقة,المراكز والمؤسسات,,الأردن,f78f0be9-98f9-4fa2-b283-500937244682,962778345969,,القويسمة _ أم نوارة _ بقرب مركز صحي أم نوارة
مركز تنمية المجتمع المحلي الطرة,أماكن صديقة,المراكز والمؤسسات,,الأردن,cfe60ceb-43bc-486f-b385-c12e1bfb1e9b,962796832123,Wesam.abed@gmail.com,الرمثا _ الطرة _ وسط البلد _ دوار أمنية
جمعية بيت الكل الخيرية,أماكن صديقة,المراكز والمؤسسات,,الأردن,664d3b77-72a3-4d7d-9aaa-b530173870c0,962776838970,huhassan@internationalmedicalcorps.org,الزرقاء _ قصبة الزرقاء _ حي معصوم _ خلف مسجد زين العابدين
مركز الحياة,أماكن صديقة,المراكز والمؤسسات,,الأردن,99c98a59-f1a3-46af-be57-fe71300269f7,962795140098,azateemah@internationalmedicalcorps.org,المفرق _ قصبة المفرق	_ حي الضباط _ مقابل مسجد مدرسة الصناعة 
مركز الرجيب,أماكن صديقة,المراكز والمؤسسات,,الأردن,5036d878-70d7-4533-a9fc-cd447558465c,962791604471,rajeeb@iccs-dpd.org,عمان _ القويسمة _ مقابل اسكان الأمن العام
مركز الكرك,أماكن صديقة,المراكز والمؤسسات,,الأردن,d0dfdabb-fbb1-4a3e-b78e-f50c79a821b0,962772677940,,الكرك	_ الثنية _ مقابل المنظمة الدنماركية
مركز الدبايبة,أماكن صديقة,المراكز والمؤسسات,,الأردن,da13d2c9-0bb9-4379-b4dc-40b4600e5ac3,962795002523,dbaibeh@iccs-dpd.org,عمان _ قصبة عمان _ مسجد الرضوان _ مديرية راس العين
مركز مخيم الزرقاء,أماكن صديقة,المراكز والمؤسسات,,الأردن,028fdc72-16b0-4e84-a648-09341e420b11,962797164743,,الزرقاء  _ مخيم الزرقاء _ قرب مخفر الشرطة
مركز الإيمان,أماكن صديقة,المراكز والمؤسسات,,الأردن,2bc3152f-312f-4054-afdc-e44dd17a3be0,962795055176,nShouneh@iccs-dpd.org,إربد _ الأغوار الشمالية _ منطقة الرصانة _ قرب قاعة النور للأفراح
مركز الوسطية,أماكن صديقة,المراكز والمؤسسات,,الأردن,85bcd35e-5eda-4979-bf31-4eeaee1a57f1,962795803304,wasatish@iccs-dpd.org,إربد _ الوسطية _ منطقة قميم
مركز الضليل,أماكن صديقة,المراكز والمؤسسات,,الأردن,6593c8aa-b204-40d3-9d02-2627562604b4,962772163483, dhulail@iccs-dpd.org,الزرقاء _ قصبة الزرقاء _ الضليل
مركز أيتام مخيم الطالبية,أماكن صديقة,المراكز والمؤسسات,,الأردن,247718df-335e-4054-9975-f15105779944,962779958636,asmaaabdalrhman94@gmail.com,عمان _ الجيزة _ شارع المطار
مركز أيتام البيادر,أماكن صديقة,المراكز والمؤسسات,,الأردن,10bae993-3be0-414c-b59e-edb8dfd47f96,962775711750,Maysajbara@hotmail.com,عمان_ وادي السير _ البيادر _ خلف مطعم القدس
مركز أيتام مخيم غزة,أماكن صديقة,المراكز والمؤسسات,,الأردن,b3ffe806-2585-478d-a914-fa50d47dda9f,962799787140,gazacamp87@gmail.com,جرش _ قصبة جرش _ مقابل مسجد صلاح الدين الأيوبي
مركز أيتام مخيم مادبا,أماكن صديقة,المراكز والمؤسسات,,الأردن,08fb7c24-5f46-4995-ae48-d8cf087be29e,962780010903,Madaba@islamcc.org,مادبا	_ مخيم مادبا _ الشارع الرئيسي 
مركز فرع الزرقاء,أماكن صديقة,المراكز والمؤسسات,,الأردن,7f33b96a-9bfa-49f1-bbd3-5c394579e934,962772334694,h_ancree@yahoo.com,الزرقاء _ قصبة الزرقاء _ شارع الفاروق
مركز المفرق,أماكن صديقة,المراكز والمؤسسات,,الأردن,10718ce4-539f-40b2-8091-91d88c2b6e89,962786607054,Braa.alhusban@gmail.com,المفرق _ قصبة المفرق _ شارع الجيش _ مقابل مبنى المحافظة
مركز الكورة,أماكن صديقة,المراكز والمؤسسات,,الأردن,a3d5334c-2fc4-45a0-84dc-2fea6bd1bdfb,962780330441,Makani2koura@gmail.com,إربد _ الكورة _ دير أبي سعيد _ بجانب حلويات العفوري
مركز أبو هريرة,أماكن صديقة,المراكز والمؤسسات,,الأردن,30e8fea3-e65e-45a5-adc7-3fc13671b846,962796378185,,عمان _ قصبة عمان _ شارع حليمة السعدية
مركز الغور الصافي,أماكن صديقة,المراكز والمؤسسات,,الأردن,b588876c-fdec-4d81-bc0f-ddd4e4d731ed,962790225180,,الكرك _ الأغوار الجنوبية _ غور الصافي
مركز غور المزرعة,أماكن صديقة,المراكز والمؤسسات,,الأردن,6f3101c0-1505-459e-8161-9837efb814a0,962795915292,,الكرك	_ الأغوار الجنوبية _ غور المزرعة
مركز مخيم سوف,أماكن صديقة,المراكز والمؤسسات,,الأردن,acac8201-a850-420a-af41-2b29d5ade1ab,962796559042,hadiaserha27@gmail.com,جرش	 _ مخيم سوف _ الشارع الرئيسي
مركز أيتام مخيم حطين,أماكن صديقة,المراكز والمؤسسات,,الأردن,8da71c3d-7998-4e3d-a91f-28aa2b43cdc7,962781144988,Mmarkaz@yahoo.com,الزرقاء _ الرصيفة	_ مخيم حطين 
مركز أيتام البقعة,أماكن صديقة,المراكز والمؤسسات,,الأردن,f1f30274-c398-45e0-bad0-f6eae0220859,962788752431,baqaber@yahoo.com,البلقاء _ عين الباشا _ مخيم البقعة
مركز أيتام الرصيفة,أماكن صديقة,المراكز والمؤسسات,,الأردن,55b08619-b441-4828-8ad9-892566f4b16a,962786110131,,الزرقاء _ الرصيفة _ الجبل الشمالي _ دوار البركة
مركز الوحدات,أماكن صديقة,المراكز والمؤسسات,,الأردن,c16b9535-d5f6-4c6c-9b82-9c7bfaf48518,962780786059,,عمان _ لواء القويسمة _ شارع البسيوني
مركز النظيف لرعاية الأسر الفقيرة,أماكن صديقة,المراكز والمؤسسات,,الأردن,aee10dd6-4a76-44b2-97b6-ca1d39cff551,962780010601,ma.hish@yahoo.com,عمان _ جبل النظيف
مركز مخيم اربد,أماكن صديقة,المراكز والمؤسسات,,الأردن,f770bd41-53cd-4b0e-b731-65a3d8095244,962790328221,irbed@iccs-dpd.org,إربد _ قصبة إربد _ شارع بلاط الشهدا _ تحت المجمع الشمالي
مركز صويلح,أماكن صديقة,المراكز والمؤسسات,,الأردن,c7b10296-cdbd-4683-9a03-7a8185564118,962788787869,Ibraheem_mansi@yahoo.com,عمان _ لواء الجامعة _ صويلح
مركز أيتام المزار الجنوبي,أماكن صديقة,المراكز والمؤسسات,,الأردن,7901c25e-a621-4a45-849b-df04da8b2cc0,962788090695,arrbelal96@gmail.com,الكرك _ المزار الجنوبي _ شارع الإعمار
مركز أيتام المقابلين,أماكن صديقة,المراكز والمؤسسات,,الأردن,79445dbe-73bf-4e50-ac85-20da240e2602,962799518262,mqablain@iccs-dpd.org,عمان _ لواء القويسمة _ منطقة المقابلين
نايا للتدريب والتنمية المجتمعية,أماكن صديقة,المراكز والمؤسسات,,الأردن,a6d584a2-f9a4-418e-828e-f020d00d7056,962795109703,Info@Nayajo.org,الزرقاء
مبادرة بهجة,مبادرات مجتمعية وأنشطة,المراكز والمؤسسات,,الأردن,48f8c459-adeb-4002-aadd-fd9ee6d01043,962795234194,lumajamjoum8@gmail.com,عمان
آدم ومشمش,مبادرات مجتمعية وأنشطة,المراكز والمؤسسات,,الأردن,07171428-96cb-4603-bef4-dd00cd190b9c,962797644765,luma@Adamwamishmish.com,عمان
نشاطات صديق,مبادرات مجتمعية وأنشطة,المراكز والمؤسسات,,الأردن,9356b41a-c7b1-401e-b2b7-955b0b67ca3a,962777392255,info@sdeq.com.jo,متوفر إلكترونياً
مبادرة متلازمة داون معنا، حياتنا لها معنى,مبادرات مجتمعية وأنشطة,المراكز والمؤسسات,,الأردن,1838a533-bbb3-4e44-b35f-4d73880a1ac9,962791214898,,جميع محافظات المملكة الأردنية الهاشمية
مركز النور,مبادرات مجتمعية وأنشطة,المراكز والمؤسسات,,الأردن,4f572636-d14d-47c0-b209-7cd9126de1f0,962796457127,alnoorcenter90@gmail.com,عمان _ القويسمة _ مقابل مدينة الملك عبدالله الثاني الرياضية
مركز الجوفة,أماكن صديقة,المراكز والمؤسسات,,الأردن,f9ac1e77-df53-477e-95f4-a7c5d0303791,962780010407,Joufeh@iccs-dpd.org,عمان _ منطقة الجوفة
مركز عز الدين القسام,أماكن صديقة,المراكز والمؤسسات,,الأردن,a8306fd4-1871-4b03-bee6-4e30aa124f6c,962780010506,rasha.m.z1984@gmail.com,عمان _ منطقة المحطة _ شارع سوق الخضار
مركز العابورة,أماكن صديقة,المراكز والمؤسسات,,الأردن,f3aa69c1-35de-4ce2-9289-e0b6c1c39bca,962787615663,hussain@iccs-dpd.org,عمان _ جبل الحسين _ بالقرب من المخيم
مركز عزمي المفتي,أماكن صديقة,المراكز والمؤسسات,,الأردن,af718288-e5c8-46bb-8d8e-f8a1bb75f565,962780010405,Srenaalshuqairi@yahoo.com,اربد _ بني عبيد
مجموعة الكرك للدعم الأسري,أماكن صديقة,المراكز والمؤسسات,,الأردن,0da822ac-1f0c-4c85-9c19-0a31d532b7bb,962796312168,,الكرك، مدرسة المنشية الثانوية الشاملة للبنات
مجموعة جرش للدعم الأسري,مجموعات دعم أسري,المراكز والمؤسسات,,الأردن,0dc0ab90-8028-40c3-bddd-56b0a4af97ac,962796921189,,جرش، جمعية سيدات جرش الخيرية مقابل مديرية التنمية الاجتماعية بجانب الكنسية
مجموعة مأدبا للدعم الأسري,مجموعات دعم أسري,المراكز والمؤسسات,,الأردن,9a90eafd-e264-40c7-b840-d38cb20dc189,962796062765,,مأدبا، بيت اللقاء
مجموعة عين الباشا للدعم الأسري,مجموعات دعم أسري,المراكز والمؤسسات,,الأردن,c4b33801-24ca-49b9-87bf-32bb7e3ecddb,962795062153,,البلقاء، عين الباشا، مركز المنار للتنمية الفكرية
مجموعة المفرق للدعم الأسري,مجموعات دعم أسري,المراكز والمؤسسات,,الأردن,83dcff4c-71f6-4531-95b1-a208d10b7ef7,962790960500,,المفرق، جمعية الأصايل للإبداع والفن التشكيلي
مجموعة الزرقاء للدعم الأسري,مجموعات دعم أسري,المراكز والمؤسسات,,الأردن,4fad1e0c-65bd-4bb7-b1ea-df592eec31e6,962795577686,,الزرقاء، مجمع النقابات المهنية
مجموعة إربد للدعم الأسري,مجموعات دعم أسري,المراكز والمؤسسات,,الأردن,ee9fab55-c97e-4aa9-840b-ec92973ba94d,,,اربد، ديوان آل حجازي
مجموعة السلط للدعم الأسري,مجموعات دعم أسري,المراكز والمؤسسات,,الأردن,ff91ffa5-5e57-4bb6-add9-b10bc51136ce,962797015159,,السلط، جمعية موسى الساكت للتنمية
مجموعة جبل النظيف للدعم الأسري,مجموعات دعم أسري,المراكز والمؤسسات,,الأردن,3ef4ee3d-6c45-43f5-8d8c-08ebfaa1ebd1,,,عمان، جبل النظيف، مؤسسة رواد التنمية
مجموعة البنيات للدعم الأسري,مجموعات دعم أسري,المراكز والمؤسسات,,الأردن,894195db-1e26-4913-bac7-2736a7fdaea9,,,عمان، البنيات، جمعية الشابات المسلمات في البنيات
مجموعة القويسمة للدعم الأسري,مجموعات دعم أسري,المراكز والمؤسسات,,الأردن,6d137b50-dcf9-4d23-b565-3e952787117b,,,عمان، القويسمة، مكتبة حديقة الحسن - الدفاع المدني في القويسمة
مجموعة الفحيص للدعم الأسري,مجموعات دعم أسري,المراكز والمؤسسات,,الأردن,9908c0fb-1f37-4c5f-9e55-feddf99eda4c,,,البلقاء، الفحيص، مركز نازك الحريري
مجموعة الوحدات للدعم الأسري,مجموعات دعم أسري,المراكز والمؤسسات,,الأردن,9c5c02d9-f286-447c-8259-5f8a701cc559,,,عمان، الوحدات، حديقة ومكتبة البشائر
مجموعة طبربور - جبل الحسين للدعم الأسري,مجموعات دعم أسري,المراكز والمؤسسات,,الأردن,b38d344e-8c74-4b26-8a99-27300c8856ff,,,عمان، طبربور _ جبل الحسين، جمعية أهالي وأصدقاء الأشخاص ذوي الإعاقة
مجموعة جبل عمان للدعم الأسري,مجموعات دعم أسري,المراكز والمؤسسات,,الأردن,9884c64b-b60b-4d21-9731-b080d4cd960c,,,عمان، جبل عمان، عمارة أيليت، شارع عقبة بن نافع
مركز المنار للتنمية الفكرية / زي,مجموعات دعم أسري,المراكز والمؤسسات,البلقاء|جهة حكومية,الأردن,245438a5-3971-4058-9552-a9dfbdb97ef4,962779808090,,البلقاء، زي، قرب مسجد زي
مدرسة الرجاء لتعليم المعاقين سمعياً,إعاقات متعددة,المراكز والمؤسسات,الزرقاء|جهة خاصة,الأردن,de6825b5-0b3d-43d1-884a-da989ffd1d56,962772281832,alrajaaschool@yahoo.com,الزرقاء، لواء الرصيفة، الجبل الشمالي، اسكان الامير طلال
جمعية رعاية المعوقين,إعاقات سمعية,المراكز والمؤسسات,الكرك|جهة تطوعية,الأردن,6badd834-76f4-4630-b467-9b23fdbc634b,,,الكرك، الوسية، جانب مركز الكرك للرعاية والتأهيل
مركز جمعية قضاء عرجان للتربية الخاصة,إعاقات ذهنية,المراكز والمؤسسات,جهة تطوعية|عجلون,الأردن,931fb614-9592-4f8d-9f25-6f316056ca83,962797660334,mhmmaddwekat44@gmail.com,عجلون، قضاء عرجان، قرية ابو الهوا، طريق راسون و عرجان
مركز المنار للتنمية الفكرية / المدينة الرياضية,إعاقات متعددة,المراكز والمؤسسات,جهة حكومية|عمان,الأردن,5527db5d-60ae-47a6-b00b-8ca18cd4e56f,962776944821,,عمان، المدينة الرياضية، حي الخرابشة، مقابل المدارس الأوروبية
مركز الأمل للتربية الخاصة,إعاقات ذهنية,المراكز والمؤسسات,المفرق|جهة تطوعية,الأردن,81de6b78-fa38-45cc-b4b5-506f82165108,,,المفرق، شارع الجامعة، خلف مؤسسة الردايدة، بجانب مديرية العمل
مركز الأمل للتربية الخاصة,إعاقات ذهنية,المراكز والمؤسسات,إربد|جهة تطوعية,الأردن,16c7edb7-1a21-44c5-a47f-e5940b83e129,,,إربد، لواء الرمثا
مدرسة الفنار الأساسية الخاصة,إعاقات ذهنية,المراكز والمؤسسات,الزرقاء|جهة خاصة,الأردن,41192193-1537-4f5f-854f-9b05e145bf38,962796186461,,الزرقاء، الزرقاء الجديدة، البتراوي، دوار بادي الغويري، مقابل مدراس الهداية
جمعية سنا لدعم ذوي الإحتياجات الخاصة,إعاقات متعددة,المراكز والمؤسسات,جهة تطوعية|عمان,الأردن,c3d2c864-0124-4234-9eac-6d4c2d097d8f,962788337515,info@sana.org.jo,عمان، الدوار السابع، شارع عبدالله غوشة
مركز الأطفال المبتسمين لذوي الإحتياجات الخاصة,إعاقات ذهنية,المراكز والمؤسسات,جهة خاصة|عمان,الأردن,59fa3544-579e-4277-806f-a3f03e074838,962779808090,hope_yes@hotmail.com,عمان، الجاردنز، الدخلة التابعة مباشرة بعد مطاعم المنقل‏
أكاديمية سوا للتربية الخاصة,إعاقات متعددة,المراكز والمؤسسات,جهة خاصة|عمان,الأردن,c944cd14-7fd8-4132-825e-aba4affe7f57,962790902245,sawa.academy18@gmail.com,عمان، الرابية، بالقرب من مدارس كامبردج
مركز لبنى للتربية الخاصة,إعاقات متعددة,المراكز والمؤسسات,جهة خاصة|عمان,الأردن,f09fb3f3-898b-4777-bf5a-d9f8ba4ca819,962791017001,lubnacfse@gmail.com,عمان، الدوار السابع، خلف السي تاون، شارع تباشير 3
جمعية التطوير المجتمعي للبادية الشمالية الخيرية,إعاقات متعددة,المراكز والمؤسسات,المفرق|جهة تطوعية,الأردن,e09d4061-8712-4542-bd1c-d75681d57ff3,962799904333,,المفرق، الشارع الرئيسي، بالقرب من البلدية
جمعية السرحان للتربية الخاصة,إعاقات متعددة,المراكز والمؤسسات,المفرق|جهة تطوعية,الأردن,da9f3f13-b26a-41bc-afee-5ffebda2c152,962799650343,alserhansfse@gmail.com,المفرق، مغير السرحان، الشارع الرئيسي، خلف المدرسة الأساسية المختلطة
مركز CDR لذوي الاعاقة,إعاقات متعددة,المراكز والمؤسسات,جهة خاصة|عمان,الأردن,4f56c6db-5dfb-478a-b759-e6ecafeb5922,962772639073,beboo_198399@yahoo.com,عمان، الجبيهة، شارع ياجوز
جمعية التصلب اللويحي المتعدد الخيرية,إعاقات متعددة,المراكز والمؤسسات,جهة تطوعية|عمان,الأردن,50ef8705-edde-4653-b654-6783674e2c5d,962772055433,,عمان، جبل الحسين، شارع خالد بن الوليد، عمارة السعادة
مركز لوفاس للتربية الخاصة,إعاقات حركية,المراكز والمؤسسات,جهة خاصة|عمان,الأردن,1851c99b-142e-4e37-9ec2-cc3c49239433,962797763536,lovaas.center@yahoo.com,عمان، مرج الحمام، قرب دوار الجندي
مدرسة الأمل الأساسية للصم,إعاقات متعددة,المراكز والمؤسسات,جهة حكومية|عمان,الأردن,554ea77e-ebc8-4d62-a762-19c20028fe42,962792269197,alamaldeafammanfirst66@yahoo.com,عمان، ماركا، حي العبدللات - قرب حلويات النجمة
مركز العقبة الشامل للتربية الخاصة,إعاقات سمعية,المراكز والمؤسسات,العقبة|جهة حكومية,الأردن,04a3285b-6084-413a-99dc-ea82fe27d893,962772136501,,العقبة، المنطقة الخامسة، شارع الملك عبدالله - بجانب مدرسة البطريك ثيودورس الاول
مركز آية للتربية الخاصة,إعاقات متعددة,المراكز والمؤسسات,جهة خاصة|عمان,الأردن,c7523157-ea0f-46f5-aa94-3d0d137e6a15,962796454538,aya_sec@yahoo.com,عمان، ماركا الشمالية، حي المزارع، شارع منصور السرحان - بناية 17
مركز التأهيل والتشغيل المهني,إعاقات متعددة,المراكز والمؤسسات,إربد|جهة حكومية,الأردن,6eeb5d1a-8992-417f-aec2-2a59432169f1,962795404949,,إربد، حي القصيلة، غرب مجمع الأغوار الجديد
جمعية الأمل للتربية الخاصة,إعاقات متعددة,المراكز والمؤسسات,إربد|جهة تطوعية,الأردن,c9ba203b-19bb-4e92-af74-79b6a1498d30,962778431315,alamal1236@yahoo.com,إربد، ايدون	الحي الغربي، قرب ديوان الخصاونة 
مركز روح الشرق للتطوير,إعاقات ذهنية,المراكز والمؤسسات,جهة خاصة|عمان,الأردن,49e2d791-e2e6-413d-bc7e-dafb6d5ddc60,,info@orientspirit.net,عمان، الدوار السابع، شارع ابراهيم قطان - مبنى رقم 62
جمعية جابر للتنمية الإجتماعية,إعاقات متعددة,المراكز والمؤسسات,المفرق|جهة تطوعية,الأردن,e238f8bf-4a6a-4d05-9988-e9299f917fc7,,,المفرق، جابر السرحان، الحي الشمالي - بالقرب من مدرسة جابر السرحان الثانوية
المدرسة الإنجيلية الأسقفية العربية,إعاقات حركية,المراكز والمؤسسات,إربد|جهة خاصة,الأردن,3f6bfa31-e545-4e0f-9cea-8d8d16833102,962779089374,stjohn_b@hotmail.com,إربد، شارع البارحة، خلف جمعية آل حداد
مدرسة المخلص الإنجيلية الأسقفية العربية,إعاقات بصرية,المراكز والمؤسسات,الزرقاء|جهة خاصة,الأردن,c80d2ccf-7ffe-41b7-9ac4-abe0287b21be,,ses.1995@yahoo.com,الزرقاء، شارع الأمير نايف، مقابل مدرسة الروم الأرثدوكس
شركة مركز إنجاز للتوحد,إعاقات بصرية,المراكز والمؤسسات,جهة خاصة|عمان,الأردن,1d3556c4-e14b-466e-b024-5516386d2410,962776581322,info@enjaz-autsim.com,عمان، شفا بدران، خلف جامعة العلوم التطبيقية، بجانب مسجد الشهيد محمود الكايد - فيلا رقم (42)
مركز أصدقاء التوحد الخيري,توحد,المراكز والمؤسسات,العقبة|جهة تطوعية,الأردن,09ab098c-283d-457f-8996-efa4b94539f7,962796648966,,العقبة، خلف السيفوي، فلل المهندسين - قرب محكمة ضريبة الدخل
جمعية المنشية للتربية الخاصة,توحد,المراكز والمؤسسات,المفرق|جهة تطوعية,الأردن,cb9b0125-885f-41ab-b3ed-cfa2674f05fa,,,المفرق، منشية بني حسن
جمعية كفرنجة الخيرية,إعاقات ذهنية,المراكز والمؤسسات,جهة تطوعية|عجلون,الأردن,09baaaa0-ba5f-4f86-addf-e675696a75df,962795639172,abujalalb@gmail.com,عجلون، كفرنجة، طريق الأغوار - الحي الغربي الشمالي
مركز تنمية المجتمع المحلي,إعاقات حركية,المراكز والمؤسسات,إربد|جهة حكومية,الأردن,22522ac3-e4a1-4e0e-af39-a73d6c0b5c6c,962772103399,,إربد، لواء الرمثا، الطرة، وسط البلد - دوار أمنية
مركز الزرقاء الشامل للتربية الخاصة,إعاقات حركية,المراكز والمؤسسات,الزرقاء|جهة حكومية,الأردن,2f8bb759-f61b-4185-8f0f-2a21bdd8f240,,,الزرقاء، جبل طارق، خلف المحافظة
مدارس دار الأرقم الإسلامية وعمان الدولية,إعاقات متعددة,المراكز والمؤسسات,جهة خاصة|عمان,الأردن,1f396625-c63a-4dd0-ad58-c1c5bb1ffd49,962798518280,thaqafa150@yahoo.com,عمان، ضاحية الرشيد، شارع كمال منكو - قرب هيئة تنظيم قطاع النقل العام
مركز الرجاء للتربية الخاصة,صعوبات تعلم,المراكز والمؤسسات,جهة خاصة|عمان,الأردن,70f0b51a-7f52-4477-9ffd-3e9259c0f98d,,,عمان، رأس العين، حي الزهور، شارع ميمونة بنت الحارث - قرب غابة شهداء عمان - بناية رقم 86
مركز أبو حطب للعلاج الطبيعي,إعاقات ذهنية,المراكز والمؤسسات,جهة خاصة|عمان,الأردن,1cfd1032-5320-47d1-adb7-b7cd5c0134bd,,,عمان، صويلح، شارع الملكة رانيا، إشارة الدوريات - بناء (383)
المدرسة النموذجية للشلل الدماغي,إعاقات حركية,المراكز والمؤسسات,جهة تطوعية|عمان,الأردن,40b0daec-2606-4db4-9b7e-e666476e2185,962795546972,cp_school_ammanfirst@yahoo.com,عمان، الشميساني، شارع رفعت الصليبي - بناية رقم 16
أكاديمية طوبى للتربية الخاصة وتنمية القدرات,إعاقات حركية,المراكز والمؤسسات,جهة خاصة|عمان,الأردن,338ed564-7a67-4768-916c-f8e49362fcf4,,,عمان، شارع مكة، خلف محطة السندباد للمحروقات
أكاديمية التميز الشامل,إعاقات ذهنية,المراكز والمؤسسات,جهة تطوعية|عمان,الأردن,2b77999d-53f6-43a0-a1b4-5f8c8ad66e70,962795516721,,عمان، شارع الأردن، قرب جامعة عمان العربية
جمعية الصداقة الأردنية الخيرية لذوي الإحتياجات الخاصة,إعاقات ذهنية,المراكز والمؤسسات,جهة تطوعية|عمان,الأردن,f2312bd6-e5e7-4d16-b7d1-955cde797592,962797134415,,عمان، القويسمة، خلف كازية العصيوي _ مقابل عيادة جنى
المركز الإستشاري للتوحد,إعاقات حركية,المراكز والمؤسسات,جهة خاصة|عمان,الأردن,5795c772-bd74-4312-86df-673acc726a37,962795557769,,عمان، شفا بدران، بجانب القيادة العامة لقوات الدرك
مركز المنار للتنمية الفكرية / المفرق,توحد,المراكز والمؤسسات,المفرق|جهة حكومية,الأردن,c743dce3-af62-4b68-80f3-b2facbf840b0,,tahabk@yahoo.com,المفرق، الرويشد، الشارع الرئيسي - جانب المؤسسة الإستهلاكية
مركز المنار للتنمية الفكرية /عجلون,إعاقات ذهنية,المراكز والمؤسسات,جهة حكومية|عجلون,الأردن,992a4d8a-4f90-4a13-9725-fd0a4b4df059,,,عجلون، عنجرة، طريق عمان القديم، حي سرارة - بجانب مكتب د.محمود ابو خلف
مدرسة الأمل الثانوية المختلطة للصم,إعاقات ذهنية,المراكز والمؤسسات,جهة حكومية|عمان,الأردن,e4aa1ed9-68e0-4c90-aeea-729cd317d343,,alamaldeafammanfirst66@yahoo.com,عمان، جبل اللويبدة، قرب دوار باريس - بجانب المركز الصحي الشامل ومؤسسة الأيتام
جمعية الجنوب للتربية الخاصة,إعاقات سمعية,المراكز والمؤسسات,جهة تطوعية|معان,الأردن,dba082db-8f7d-4af5-886f-219e0ec0113f,,ssmaan1996@yahoo.com,معان، السطح، الطريق الصحراوي - قرب بيت التنمية والقرى
جمعية الطيبة الجنوبية لذوي الإحتياجات الخاصة /البتراء,إعاقات متعددة,المراكز والمؤسسات,جهة تطوعية|معان,الأردن,19dcc15f-dcd1-4b96-a783-2d4317c7d1aa,962777244883,,معان، لواء البتراء ، بلدة الطيبة، مقابل مكتب بريد الطيبة
جمعية مهارات لرعاية وتأهيل ذوي الإعاقة,إعاقات متعددة,المراكز والمؤسسات,جهة تطوعية|معان,الأردن,48539308-a7eb-4a3a-9b92-0d9fb3899d40,,tharwa_a@yahoo.com,معان، طريق أذرح، خلف مسجد ماريا القبطية
مركز المنار للتنمية الفكرية /أذرح,إعاقات متعددة,المراكز والمؤسسات,جهة حكومية|معان,الأردن,21523c3a-02b6-46a3-90bb-13b8f30a99eb,962795020224,,معان، مكان الشرطة سابقاً
جمعية الأمل الخيرية /جرش,إعاقات ذهنية,المراكز والمؤسسات,جرش|جهة تطوعية,الأردن,eb85566e-51f9-4942-bfca-507d6cd56a1e,962779526856,,جرش، بناية الإتحاد العام للجمعيات الخيرية
جمعية أم الزيتون الخيرية,إعاقات متعددة,المراكز والمؤسسات,جرش|جهة تطوعية,الأردن,1caa1312-6c1e-491d-8ba1-60c344b07772,962772409099,,جرش، أم الزيتون، بجانب مدرسة الذكور
جمعية جرش لرعاية ذوي الإحتياجات الخاصة,إعاقات متعددة,المراكز والمؤسسات,جرش|جهة تطوعية,الأردن,99df06fd-79a7-42cc-9fd2-21557b470a18,962772091303,,جرش، شارع المفرق، بناية الإتحاد العام للجمعيات الخيرية
جمعية قفقفا للتنمية الاجتماعية,إعاقات متعددة,المراكز والمؤسسات,جرش|جهة تطوعية,الأردن,a6b24dee-4d11-4995-904c-348bf5af8867,962772203004,,جرش، قفقفا، بجانب مسجد خباب بن الأرت
مركز التأهيل المجتمعي للأشخاص ذوي الإعاقة,إعاقات متعددة,المراكز والمؤسسات,جرش|جهة دولية,الأردن,9f43fc2e-da27-4f8f-b95d-e79d2cb3138d,962795343339,jerashcbrc@yahoo.com,جرش، مخيم جرش، خلف مدارس وكالة الغوث - شارع الحدادة
مركز نور الحياة للتربية الخاصة,إعاقات متعددة,المراكز والمؤسسات,جرش|جهة خاصة,الأردن,98fb9d00-6bc6-4b7d-9c58-9c1ff6add770,,ayasrah_68@hotmail.com,جرش، حي ظهر السرو، قرب مدرسة جرش الأهلية
جمعية أم القطين لذوي الإحتياجات الخاصة,إعاقات ذهنية,المراكز والمؤسسات,المفرق|جهة تطوعية,الأردن,597df685-190e-4455-8d1b-789b19790ad9,962772167979,,المفرق، لواء البادية الشرقية، قضاء أم القطين
مركز سيدة السلام لذوي الإحتياجات الخاصة,إعاقات متعددة,المراكز والمؤسسات,العقبة|جهة تطوعية,الأردن,e6b66900-7b24-4f2a-89c1-b180ff53ec91,962777966829,,العقبة، المنطقة الثامنة، بجانب مسجد الرياطي
جمعية أجيال الخيرية,إعاقات متعددة,المراكز والمؤسسات,العقبة|جهة تطوعية,الأردن,58236882-a760-422c-bb18-e43144761056,,ajyalaqaba@yahoo.com,العقبة، وسط البلد، بجانب مركز أمن المدينة
جمعية البادية الجنوبية للتربية الخاصة,إعاقات متعددة,المراكز والمؤسسات,العقبة|جهة تطوعية,الأردن,c2296c1f-2371-4c29-90eb-ecf79cabd88b,962777327856,,العقبة، القويرة، حي العمران
مركز المنار للتنمية الفكرية / العقبة,إعاقات متعددة,المراكز والمؤسسات,العقبة|جهة حكومية,الأردن,3ab39eea-5a3c-4c1d-a791-5bfa0ef11c12,,,العقبة، القويرة، الشارع الدولي عمان_ العقبة - مقابل مستشفى القويرة العسكري
جمعية الثغر لرعاية المعوقين,إعاقات ذهنية,المراكز والمؤسسات,العقبة|جهة تطوعية,الأردن,bad3d002-3e1c-404b-9d67-6d6de8cf5155,,,العقبة، المنطقة السادسة، قرب إتحاد عام الجمعيات الخيرية
جمعية مؤسسة العناية بالشلل الدماغي,إعاقات ذهنية,المراكز والمؤسسات,العقبة|جهة تطوعية,الأردن,c0e88e6c-63d3-46cb-8563-d38cf2bfe04c,962797742850,cpsammjo@orange.jo,العقبة، المنطقة الرابعة، قرب مركز أبو زهرة التجاري
جمعية بصيرا الخيرية,إعاقات حركية,المراكز والمؤسسات,الطفيلة|جهة تطوعية,الأردن,a70328ec-9103-4260-91a6-57c011934e9b,,jrofou@yahoo.com,الطفيلة، بصيرا، البلدة القديمة - شارع الفريوات
مدرسة عبد الرحمن بن عوف للتربية الخاصة,إعاقات متعددة,المراكز والمؤسسات,الطفيلة|جهة حكومية,الأردن,47ded1cb-bb0a-404b-a22a-671dcecb4c58,,,الطفيلة، بجانب مركز صحي الطفيلة الأولى - قرب مديرية تربية الطفيلة
مركز الجود للتربية الخاصة,إعاقات سمعية,المراكز والمؤسسات,الكرك|جهة خاصة,الأردن,01c093c5-4934-46a3-bcff-ac446b089ac2,962772098084,,الكرك، مؤتة، حي الجامعة - مقابل صالة أنوار مؤتة
جمعية اللورنس لذوي الإعاقة,إعاقات متعددة,المراكز والمؤسسات,الكرك|جهة تطوعية,الأردن,aae28b52-b807-461b-adf8-8306389acc64,962797877427,umlorans2011@gmail.com,الكرك، لواء القصر، مقابل شركة الكهرباء
جمعية السرى لحقوق الأشخاص ذوي الإعاقة,إعاقات متعددة,المراكز والمؤسسات,الكرك|جهة تطوعية,الأردن,e783850c-a408-4dec-aaff-50fcb94a2f70,962796446321,faris.frhan@yahoo.com,الكرك، الثنية، قرب شركة الكهرباء
جمعية الشهيد عمر المجالي للتبرع بالقرنيات والأعضاء,إعاقات متعددة,المراكز والمؤسسات,الكرك|جهة تطوعية,الأردن,142e4736-5b01-416d-bc4d-1c87623cee7d,962799466667,hemoooo2015.hm@gmail.com,الكرك، بلدة الربة
جمعية نغم الحياة الخيرية,إعاقات بصرية,المراكز والمؤسسات,الكرك|جهة تطوعية,الأردن,9bc0c1b4-736c-4e11-a97c-bec250d6f968,962790525292,hemo2018.majali@gmail.com,الكرك، بلدة الربة
جمعية المدينة المنورة لرعاية ذوي الإحتياجات الخاصة وأسرهم الخيرية,إعاقات متعددة,المراكز والمؤسسات,الكرك|جهة تطوعية,الأردن,fad8fc70-5e26-449e-a231-bb1bcdddeb4b,,,الكرك، العدنانية، مقابل مدرسة زيد بن حارثة
مركز الكرك للرعاية والتأهيل,إعاقات متعددة,المراكز والمؤسسات,الكرك|جهة حكومية,الأردن,43fddc03-9069-4456-9a83-2685c02ea4ef,962796984724,markez.karak@mosd.com.jo,الكرك، الوسية، بجانب جمعية مؤتة للتربية الخاصة
مركز القطرانة للتربية الخاصة,إعاقات ذهنية,المراكز والمؤسسات,الكرك|جهة حكومية,الأردن,04764323-0cd5-4f26-a571-fa79ae2d32f7,,,الكرك، القطرانة، قرب المركز الصحي - بجانب مركز الشباب
جمعية غور الصافي للتنمية الإجتماعية,إعاقات ذهنية,المراكز والمؤسسات,الكرك|جهة تطوعية,الأردن,4b2c294c-6dc5-4e3c-b425-ac7af65dfa0a,962797937157,,الكرك، غور الصافي، شارع السوق التجاري - جانب مدرسة الصافي الثانوية للبنين
مركز مؤاب لذوي الإحتياجات الخاصة,إعاقات ذهنية,المراكز والمؤسسات,الكرك|جهة تطوعية,الأردن,360abd40-1ea8-40cf-ada2-a0ef1ada26f6,962795826797,khaledtarawna@yahoo.com,الكرك، الخالدية، المزار الجنوبي، مؤاب
جمعية سيدات غور الصافي للتنمية الإجتماعية,إعاقات ذهنية,المراكز والمؤسسات,الكرك|جهة تطوعية,الأردن,003026af-f885-4d18-9df0-7f04a1055983,962795643422,saficrafts@gmail.com,الكرك، الأغوار الجنوبية، قرب مستشفى غور الصافي
مركز الكرك للشلل الدماغي,إعاقات ذهنية,المراكز والمؤسسات,الكرك|جهة تطوعية,الأردن,50f32d4a-6a38-44d1-9bc2-c7a19ef4b0ed,962797028053,cpf.karak@hotmail.com,الكرك، منطقة المنشية، بعد إشارة المستشفى العسكري - خلف مدرسة المنشية للبنين
جمعية الكرك لرعاية ذوي الإعاقات الحركية,إعاقات حركية,المراكز والمؤسسات,الكرك|جهة تطوعية,الأردن,5dfe7641-064c-467e-8637-67a96dcabe4a,,,الكرك، شارع مجمع النقابات المهنية سابقاً، مقابل مصاروة
جمعية البتراء للتربية الخاصة,إعاقات حركية,المراكز والمؤسسات,جهة تطوعية|معان,الأردن,4fea3b61-483c-4b39-924a-1d59856003de,962795410168,mohammad.ghanem1@gmail.com,معان، وادي موسى، وسط البلد، نادي الشباب - ط أرضي
جمعية الشراه الجنوبية للتربية الخاصة,إعاقات متعددة,المراكز والمؤسسات,جهة تطوعية|معان,الأردن,a2656192-aacf-48fd-a4f3-517826112397,,,معان، قضاء المريغة، مقابل مدرسة المريغة الأساسية للذكور
جمعية الشوبك لرعاية الأيتام وذوي الإحتياجات الخاصة الخيرية,إعاقات متعددة,المراكز والمؤسسات,جهة تطوعية|معان,الأردن,9f4d305e-384e-4038-8d10-6c460a959a03,962772696336,,معان، مثلث الشوبك، وسط البلد - مسجد مصعب بن عمير
جمعية الحسينية لرعاية وتأهيل المعاقين,إعاقات متعددة,المراكز والمؤسسات,جهة تطوعية|معان,الأردن,a4ba7aa5-98e2-4f81-a5f9-26011209beb5,962777535251,,معان، الحسينية
جمعية الراجف للتربية الخاصة,إعاقات متعددة,المراكز والمؤسسات,جهة تطوعية|معان,الأردن,3b01ded5-83e1-4178-828b-a3f33782446b,962772167185,,معان، البتراء، راجف، قرب مدرسة الراجف - حي الجمعية
مركز الكورة الشامل للتربية الخاصة,إعاقات متعددة,المراكز والمؤسسات,إربد|جهة حكومية,الأردن,1d33f542-a00b-46ee-8c8e-96d9f4ea568c,,,إربد، الكورة، دير أبو سعيد
الجمعية الهاشمية لرعاية وتأهيل المعاقين,إعاقات متعددة,المراكز والمؤسسات,إربد|جهة تطوعية,الأردن,eae2ca5b-5add-4e52-9ac6-e5987492de50,962777373034,the-hartrp-jordan@yahoo.com,إربد، كفر أسد، غرب إربد - مقابل بلدية الوسطية
جمعية أصحاب الهمم للمعوقين,إعاقات متعددة,المراكز والمؤسسات,إربد|جهة تطوعية,الأردن,2aae8d01-7a11-4279-b20c-6ab41616b5d6,,kafrainy@gmail.com,إربد، الأغوار الشمالية، المشارع، الشارع الرئيسي - قرب مسجد أبو ذر الغفاري
أكاديمية الشمال للتدريب والتأهيل,إعاقات متعددة,المراكز والمؤسسات,إربد|جهة خاصة,الأردن,583ef711-de7c-4f23-9186-0f014d903baa,962785721799,robeidat78@yahoo.com,إربد، غرب دوار إربد مول، باتجاه طريق مجمع الغور
جمعية علعال الخيرية,إعاقات متعددة,المراكز والمؤسسات,إربد|جهة تطوعية,الأردن,a410d5db-6e8f-4b14-b1e2-0a7a9a277498,962777548219,,إربد، علعال، مقابل مسجد علعال الكبير
مركز البقاعي للرعاية والتأهيل الشامل,إعاقات متعددة,المراكز والمؤسسات,إربد|جهة خاصة,الأردن,cfa262e2-6581-46f5-b43f-e11708136fbb,962798542071,alboqaiworld@gmail.com,إربد، الحي الشرقي، خلف مركز أمن الحي الشرقي
جمعية الشفاء لرعاية المعوقين,إعاقات متعددة,المراكز والمؤسسات,إربد|جهة تطوعية,الأردن,c10be406-3a71-42ad-b4c0-eb53a9a3cb48,,,إربد، مثلث فوعرا، تحت مسجد الإيمان
جمعية المنشية لذوي الإحتياجات الخاصة,إعاقات متعددة,المراكز والمؤسسات,إربد|جهة تطوعية,الأردن,51bfc397-6eb8-4f2b-82b8-94cab2cffcfe,962788943188,,إربد، منشية بني حسن
جمعية سمر الخيرية,إعاقات متعددة,المراكز والمؤسسات,إربد|جهة تطوعية,الأردن,a25d6d5c-05bd-4aca-8527-2ac9588edb43,962795639172,,إربد، بني كنانة، بلدة سمر - قرب بلدية الشعلة
مركز التأهيل المجتمعي للمعاقين,إعاقات ذهنية,المراكز والمؤسسات,إربد|جهة دولية,الأردن,edddfb54-dd7a-402a-95cd-12ba2828eb3b,,irbidcbr94@yahoo.com,إربد، مخيم إربد، الحي الشمالي، شارع بلاط الشهداء - بجانب مدارس الوكالة
جمعية كفر عوان الخيرية,إعاقات متعددة,المراكز والمؤسسات,إربد|جهة تطوعية,الأردن,79154c30-9239-49cd-839b-e8b73c8603fb,,,إربد، الكورة، كفر عوان، وسط البلد - قرب جامع العباس
جمعية اليرموك /لواء بني كنانة,إعاقات متعددة,المراكز والمؤسسات,إربد|جهة تطوعية,الأردن,f8040e78-f580-4af6-855f-d9c16083d638,962776642717,yarmouk_society99@yahoo.com,إربد، بني كنانة، حبراص، الشارع الرئيسي - تحت بلدية الكفارات
جمعية دير يوسف الخيرية,إعاقات متعددة,المراكز والمؤسسات,إربد|جهة تطوعية,الأردن,abc96a02-8c77-422e-8466-72e378881447,,rabee.alomari@yahoo.com,إربد، دير يوسف، وسط البلد - مقابل المسجد الكبير
الجمعية الخيرية للعمل الإجتماعي,إعاقات ذهنية,المراكز والمؤسسات,إربد|جهة تطوعية,الأردن,5fc7d551-47ea-4b1c-aad1-61768669c463,,charity4unable@gmail.com,إربد، حي التركمان، خلف المركز الصحي
جمعية ارحابا الخيرية,إعاقات ذهنية,المراكز والمؤسسات,إربد|جهة تطوعية,الأردن,9aaa475f-85c9-480c-a530-7c0a148d8f7e,962797520961,rehabacharity@gmail.com,إربد، المزار	ارحابا، الشارع الرئيسي - قرب مسجد النور 
جمعية الطيبة الخيرية,إعاقات ذهنية,المراكز والمؤسسات,إربد|جهة تطوعية,الأردن,f88945d9-5284-4226-bc25-81daea1ea927,,alawnehyasmeen@gmail.com,إربد، لواء الطيبة، قرب مديرية التنمية الإجتماعية
جمعية أبي عبيدة الخيرية,إعاقات ذهنية,المراكز والمؤسسات,إربد|جهة تطوعية,الأردن,00b895f5-3156-4e7d-b21e-cd38d2cebaa7,962772120110,,إربد، المزار الشمالي، قرب مدرسة بنات المزار الأساسية الاولى
جمعية المشارع الخيرية,إعاقات ذهنية,المراكز والمؤسسات,إربد|جهة تطوعية,الأردن,3b58ead2-c204-49e4-b339-4b3f9c41757f,,,إربد، الأغوار الشمالية، المشارع - قرب نادي المشارع
جمعية أبي الدرداء للتربية الخاصة,إعاقات ذهنية,المراكز والمؤسسات,إربد|جهة تطوعية,الأردن,b70f1baf-c320-4e28-94fb-68dfbbef2666,962785552382,,إربد، زحر، بجانب ثانوية البنات
مركز المنار للتنمية الفكرية/ إربد,إعاقات ذهنية,المراكز والمؤسسات,إربد|جهة حكومية,الأردن,c35d31bc-ce13-4fe6-beba-47ee94389119,962777776436,tamam.alatik@yahoo.com,إربد، طريق حوارة، قرب كازية الكراسنة - بجانب صالة بردى
مركز العناية بالسمع والنطق,إعاقات ذهنية,المراكز والمؤسسات,إربد|جهة تطوعية,الأردن,075356b4-a908-4335-b1aa-56507b91ced0,962796317417,speech_hearing@yahoo.com,إربد، مجمع عمان القديم
الجمعية الأردنية للسمع والنطق,إعاقات سمعية,المراكز والمؤسسات,إربد|جهة تطوعية,الأردن,d9201eeb-c825-4aa8-9037-c64dfcfecad6,962799364637,jordanian.society_hs@yahoo.com,إربد، مقابل البوابة الشمالية لجامعة اليرموك
مركز صوت الحياة للسمع والنطق,إعاقات متعددة,المراكز والمؤسسات,إربد|جهة خاصة,الأردن,1e7726af-decc-4a35-bbb7-1d8327c137ab,962785195902,sound_live00@yahoo.com,إربد، شارع الملك طلال، مجمع المدينة المنورة - ط1
جمعية ملكا الخيرية,إعاقات سمعية,المراكز والمؤسسات,إربد|جهة تطوعية,الأردن,829ca15d-e898-4103-8ef1-93cf59651e4a,962777780220,,إربد، ملكا، شرق المركز الصحي - قرب المقبرة
جمعية جديتا الخيرية,إعاقات سمعية,المراكز والمؤسسات,إربد|جهة تطوعية,الأردن,ba910507-3a44-4497-b4dc-8051453c05d2,,,إربد، الكورة، جديتا - الشارع الرئيسي
جمعية النهضة للتحديات الحركية,إعاقات متعددة,المراكز والمؤسسات,إربد|جهة تطوعية,الأردن,7a12153b-7493-4a58-874c-d250597377c0,962777717917,nahdairbid@gmail.com,إربد، شارع محمد نجيب، قرب دائرة الأحوال المدنية
مركز إربد للشلل الدماغي,إعاقات حركية,المراكز والمؤسسات,إربد|جهة تطوعية,الأردن,9fba453c-9321-4b01-9efb-6fc70313739f,,cpf.irbid@yahoo.com,إربد، شارع فلسطين، بداية حي طوال البارحة - قرب دار الأحداث
"جمعية العائلة البيضاء ""الألبينو"" الخيرية",إعاقات حركية,المراكز والمؤسسات,إربد|جهة تطوعية,الأردن,b9881be3-a06a-49af-bf6f-00d157a64be0,,albino.jordan@barid.com,إربد، شارع الهاشمي، مقابل المسجد الهاشمي - مجمع الزهراوي
جمعية معاذ بن جبل الخيرية للمكفوفين,إعاقات بصرية,المراكز والمؤسسات,إربد|جهة تطوعية,الأردن,80cdb3e8-a31e-4921-ac2b-60fcf912b3ae,962795062164,,إربد، الأغوار الشمالية، الشونة الشمالي - قرب مديرية الأشغال العامة
بيت اللقاء لذوي الإحتياجات الخاصة,إعاقات بصرية,المراكز والمؤسسات,جهة تطوعية|جهة خاصة|مأدبا,الأردن,c2dd12b0-aa5d-440c-a794-30f606b83d50,962788654998,sermigiordan@gmail.com,مأدبا، طريق ذيبان، منطقة التيم - بجانب المقبرة المسيحية الجديدة
مركز الأمل للتربية الخاصة,إعاقات متعددة,المراكز والمؤسسات,جهة تطوعية|مأدبا,الأردن,c89135a2-abc7-4f1a-9172-0629f7ab409c,962795062153,,مأدبا، صوفا، بعد المقبرة الاسلامية
جمعية عبد الرحمن بن عوف الخيرية,إعاقات ذهنية,المراكز والمؤسسات,جهة تطوعية|مأدبا,الأردن,5208f2ea-5ebe-491a-b9a0-2d8dbabd175e,,fasatlaali@gmail.com,مأدبا، شارع الملك عبدالله، بناء عبدالله مرزوق - ط1
جمعية الوفاق الخيرية,إعاقات سمعية,المراكز والمؤسسات,جهة تطوعية|مأدبا,الأردن,68844645-1d2e-4e9b-8179-136c36f65a10,,abd_wledat@yahoo.com,مأدبا، لواء ذيبان، قرية المشرفة، الشارع العام - مقابل أسواق المدينة الإستهلاكية
جمعية السلط لرعاية وتأهيل ذوي الإعاقات الخيرية,إعاقات سمعية,المراكز والمؤسسات,البلقاء|جهة تطوعية,الأردن,c93200b0-39f2-4ddb-83de-25405ca55d26,962772281001,m_hisat69@yahoo.com,البلقاء، شارع الميدان، قرب مكتب إفتاء البلقاء - مقابل البنك التجاري الأردني
"مركز الجوفة المجتمعي للتأهيل ""بيت سليم """,إعاقات متعددة,المراكز والمؤسسات,البلقاء|جهة تطوعية,الأردن,2d8fffb8-4a5e-45e6-9a98-ffa9e0a38923,962795111330,,البلقاء، لواء الشونة الجنوبية، قرية الجوفة، خلف المركز الصحي - بجانب الصندوق الأردني الهاشمي
جمعية البلاونة الخيرية,إعاقات متعددة,المراكز والمؤسسات,البلقاء|جهة تطوعية,الأردن,4c9d4b9c-9e32-419b-b62c-ebb852c00958,,nawalsalm@gmail.com,البلقاء، دير علا، البلاونة، منطقة أبي عبيدة البلاونة - بجانب شعبة البريد
مركز الأمل للتربية الخاصة,إعاقات متعددة,المراكز والمؤسسات,البلقاء|جهة تطوعية,الأردن,878b6111-9d95-4d9c-8b70-f831d3b69d28,962776468564,,البلقاء، شارع بركة العامرية، بجانب مدارس البلقاء الإسلامية
مركز الأميرة عالية بنت الحسين للتربية الخاصة,إعاقات ذهنية,المراكز والمؤسسات,البلقاء|جهة تطوعية,الأردن,b4675b81-2f8d-46be-b945-b6a0cdc40755,,,البلقاء، مخيم البقعة، قرب عيادات وكالة الغوث
جمعية السلط الخيرية الإسلامية,إعاقات ذهنية,المراكز والمؤسسات,البلقاء|جهة تطوعية,الأردن,efe8df57-e8ab-4196-b9a6-f50e7b818c53,962795319927,saltsociety@yahoo.com,البلقاء، السلط، مجمع الدوائر الحكومية - جسر زي
جمعية الروضة للتنمية الإجتماعية,إعاقات سمعية,المراكز والمؤسسات,البلقاء|جهة تطوعية,الأردن,76216a44-342a-459e-966f-276416753333,,,البلقاء، لواء الشونة الجنوبية، منطقة الروضة - شارع البلدية
مؤسسة الأراضي المقدسة للصم,إعاقات سمعية,المراكز والمؤسسات,البلقاء|جهة تطوعية,الأردن,8deba8e2-2e7b-4ca3-8644-83f45081926b,962792568382,hlid@go.com.jo,البلقاء، حي السلالم، بجانب مصنع الأدوية
جمعية الرؤى للمكفوفين/دير علا,إعاقات سمعية,المراكز والمؤسسات,البلقاء|جهة تطوعية,الأردن,5a099f25-0d2a-4757-acda-f4ad403cce6e,,rooamk@yahoo.com,البلقاء، دير علا، الصوالحة - بجانب مسجد الصوالحة الكبير
جمعية سعد بن معاذ الخيرية لذوي الإحتياجات الخاصة,إعاقات بصرية,المراكز والمؤسسات,الزرقاء|جهة تطوعية,الأردن,87830267-dd58-42ef-aad0-15e892dffa24,962796268074,hamada.2029@hotmail.com,الزرقاء، حي الأمير محمد، الحاووز، شارع الأندلس - قرب مستشفى الزرقاء الحكومي
مركز التأهيل والتشغيل المهني,إعاقات متعددة,المراكز والمؤسسات,الزرقاء|جهة حكومية,الأردن,2e6e0dc6-8c39-4f32-ae37-bc7ff906d6e8,962777336637,,الزرقاء، شارع عمان_الرصيفة، بجانب جامع مدينة الحجاج - مقابل مخيم حطين
جمعية زارعي البسمة الخيرية,إعاقات متعددة,المراكز والمؤسسات,الزرقاء|جهة تطوعية,الأردن,75c1daef-2e04-4698-b8ed-7ab5e9b95b81,962796843053,,الزرقاء، مخيم حطين، شارع الملك حسين - قرب صيدلية مكة - بناء317
مركز الأمل الجديد لرعاية متعددي الإعاقات,إعاقات متعددة,المراكز والمؤسسات,الزرقاء|جهة حكومية,الأردن,ad7c6fe8-2ec9-4e92-8c5c-9631e7277494,962786453394,newhappy_center@yahoo.com,الزرقاء، الرصيفة، ياجوز، خلف مستشفى الأمير فيصل - بجانب مستودعات الصحة /التزويد
مركز حطين للكشف المبكر عن الإعاقات والتأهيل المجتمعي,إعاقات متعددة,المراكز والمؤسسات,الزرقاء|جهة حكومية,الأردن,50f1bd79-2cac-4bf1-9a30-5ac5067bcdc5,,,الزرقاء، الرصيفة ، مخيم حطين، الشارع الرئيسي - بجانب المركز الأمني
جمعية سيدات الضليل للتربية الخاصة,إعاقات متعددة,المراكز والمؤسسات,الزرقاء|جهة تطوعية,الأردن,60ab1bab-a6d4-4086-a5d4-54e624e77e17,,fateman71@yahoo.com,الزرقاء، الضليل، مقابل مركز الرعاية وكازية الصالح
مركز التأهيل المبني على المجتمع المحلي,إعاقات ذهنية,المراكز والمؤسسات,الزرقاء|جهة دولية,الأردن,471d75c3-8944-4034-9f38-60a7a9dd0f47,962795023025,,الزرقاء، مخيم الزرقاء، شارع المدارس
جمعية خطوتنا,إعاقات متعددة,المراكز والمؤسسات,الزرقاء|جهة تطوعية,الأردن,29561901-d4dc-41fc-91b4-edb6e9ff3700,962795851643,newstep_2010@hotmail.com,الزرقاء، الرصيفة، إسكان هاشم - داخل حديقة بركة الببسي(فرح)
مركز رؤيا للتربية الخاصة,إعاقات متعددة,المراكز والمؤسسات,الزرقاء|جهة خاصة,الأردن,bcd22768-4628-40f1-bf8e-4877c8cc8a65,962777736903,royaeducation@hotmail.com,الزرقاء، الزرقاء الجديدة، مقابل مسجد يافا الكبير
مركز مراد الأمل للتربية الخاصة,إعاقات متعددة,المراكز والمؤسسات,الزرقاء|جهة خاصة,الأردن,0d0606a6-4af0-41b0-a4f6-c0e737e7450a,962795912600,,الزرقاء، حي السلام، شارع علي بن أبي طالب
مركز جمعية عثمان بن عفان للتربية الخاصة,إعاقات متعددة,المراكز والمؤسسات,الزرقاء|جهة تطوعية,الأردن,9074e629-7be5-4802-bb16-6c2425683c26,962788140591,othman.society.jo@gmail.com,الزرقاء، الزرقاء الجديدة، شارع مكة المكرمة -بناء رقم 92
جمعية السيدات العاملات,إعاقات ذهنية,المراكز والمؤسسات,الزرقاء|جهة تطوعية,الأردن,7e0a8577-e3e0-4997-816c-b1acafe60417,,w_wworkingsociety@hotmail.com,الزرقاء، الرصيفة، الجبل الجنوبي - شارع محمود سالم الحلبي - بناية 4
شركة العطاء الشامل,إعاقات حركية,المراكز والمؤسسات,الزرقاء|جهة خاصة,الأردن,d107f72c-cab2-4d73-bd10-eaeea1363e9d,962799229966,alaaalmalki0@gmail.com,الزرقاء، الزرقاء الجديدة، عيادات البتراوي سابقاً - خلف السيفوي
مركز الضليل للرعاية والتأهيل,إعاقات ذهنية,المراكز والمؤسسات,الزرقاء|جهة حكومية,الأردن,84903d24-89a5-4f2a-8d15-f786b08e8a8f,962785103384,,الزرقاء، الضليل، خلف أسواق الضليل المركزية - بجانب المدرسة المركزية للذكور
جمعية عقربا الخيرية التنموية / مركز النشاط النهاري للمعاقين الكبار,إعاقات ذهنية,المراكز والمؤسسات,الزرقاء|جهة تطوعية,الأردن,2f26f143-8b6a-4f5e-94ab-65578e9f3855,,,الزرقاء، حي رمزي، قرب مدرسة سعيد بن المسيب
المركز الإستشاري التطبيقي للتربية الخاصة,إعاقات ذهنية,المراكز والمؤسسات,الزرقاء|جهة خاصة,الأردن,4e4df495-a98b-4fb6-8429-d157f5c38d49,962795654531,cacjo2012@gmail.com,الزرقاء، الرصيفة، طريق ياجوز، مقابل مديرية تربية الرصيفة
جمعية الخربة السمراء للإحتياجات الخاصة الخيرية,إعاقات ذهنية,المراكز والمؤسسات,المفرق|جهة تطوعية,الأردن,82abe89d-8e2d-47cd-97ba-65592071d5f3,,,المفرق، الخربة السمراء	، روضة الأمير محمد - قرب مدرسة الذكور
جمعية رعاية الطفل الخيرية,إعاقات متعددة,المراكز والمؤسسات,المفرق|جهة تطوعية,الأردن,fe83a866-916e-4118-b34f-635152197be3,962779383795,,المفرق، البادية الشمالية الشرقية، السعيدية - جانب المسجد الكبير
جمعية الخالدية للتربية الخاصة,إعاقات متعددة,المراكز والمؤسسات,المفرق|جهة تطوعية,الأردن,b9a859ea-49ed-4a96-8ced-6e871c9150c6,962777782688,,المفرق، الخالدية ، شارع جمعية التنمية - مقابل مقبرة البقيع
مركز الرواء للتربية الخاصة,إعاقات متعددة,المراكز والمؤسسات,المفرق|جهة خاصة,الأردن,b90a3fb1-694d-4578-9a00-a34dec244e79,962772228163,,المفرق، شارع ايدون، قرب نادي الطفل
جمعية تل الرماح للتنمية الاجتماعية,إعاقات ذهنية,المراكز والمؤسسات,المفرق|جهة تطوعية,الأردن,8beb9347-16a4-499c-9cbe-9c271cff5315,962777288230,,المفرق،البادية الشمالية الشرقية ،قضاء دير الكهف
جمعية أهالي الرويشد للعناية بالأشخاص المعوقين,إعاقات حركية,المراكز والمؤسسات,المفرق|جهة تطوعية,الأردن,18b37d76-2d8b-4bef-a7ff-a95d963756c0,962785842002,,المفرق، البادية الشمالية الشرقية، شارع بغداد - مقابل مبنى البلدية
جمعية رحاب لذوي الإحتياجات الخاصة,إعاقات ذهنية,المراكز والمؤسسات,المفرق|جهة تطوعية,الأردن,d3c70fee-30fc-4455-b2de-210105fe3ad2,962788121170,,المفرق، رحاب بني حسن، قرب المؤسسة العسكرية
جمعية بلعما للتربية الخاصة,إعاقات ذهنية,المراكز والمؤسسات,المفرق|جهة تطوعية,الأردن,0a254373-e65a-426a-bc16-27e6940309c3,962777716775,,المفرق، بلعما، بجانب جمعية بلعما للتنمية
جمعية صبحا لذوي الإحتياجات الخاصة,إعاقات ذهنية,المراكز والمؤسسات,المفرق|جهة تطوعية,الأردن,a42a2933-1d0a-44d2-9072-89ee46754158,962779819796,,المفرق، البادية الشمالية ، صبحا وصبحية الشارع العام
جمعية حليمة السعدية لرعاية الأيتام الخيرية,إعاقات ذهنية,المراكز والمؤسسات,المفرق|جهة تطوعية,الأردن,0be2b7a6-208f-43bd-8390-dedc33a8bc28,962772326266,halema079@yahoo.com,المفرق،البادية الشمالية الغربية ،قضاء حوشة - الحمراء
جمعية عجلون الخيرية لشؤون الأشخاص ذوي الإعاقة,صعوبات تعلم,المراكز والمؤسسات,جهة تطوعية|عجلون,الأردن,8de1801c-67be-40e1-b5df-52e3a0b16cc6,962779817461,,عجلون، قرب مستشفى الإيمان
جمعية صلاح الدين لرعاية المعاقين والأيتام الخيرية,إعاقات متعددة,المراكز والمؤسسات,جهة تطوعية|عجلون,الأردن,b6ed33c4-026d-47ac-a3ab-b7029782e219,962772152141,,عجلون ، حلاوة الهاشمية، بناء الصناعة والتجارة - ط3
جمعية أصدقاء المجتمع للإعاقات الذهنية البسيطة والمتوسطة,إعاقات متعددة,المراكز والمؤسسات,جهة تطوعية|عجلون,الأردن,8710b483-f1f6-41d8-b120-f0e770790b6d,962776929077,,عجلون ،وسط البلد ،مقابل الإتحاد العام للجمعيات الخيرية لمحافظة عجلون
جمعية الجبل للتربية الخاصة,إعاقات ذهنية,المراكز والمؤسسات,جهة تطوعية|عجلون,الأردن,89c5368d-6f59-45f0-ab83-811dec3612b4,962776929077,,عجلون ،الصخرة ،	الحي الشمالي 
مركز جمعية الزهراء الخيرية للتربية الخاصة,إعاقات ذهنية,المراكز والمؤسسات,الزرقاء|جهة تطوعية,الأردن,19cc9c49-9101-4e3a-8d6d-77af46d6b07c,962798342016,alzahraacharity@gmail.com,الزرقاء، الرصيفة	، الجبل الشمالي، خلف مدرسة جمانة - بناء رقم 25
مركز سما للتجهيزات الطبية والسمعية,إعاقات ذهنية,المراكز والمؤسسات,الزرقاء|جهة خاصة,الأردن,7c762689-50fa-4175-91f0-da2490da3070,,,الزرقاء، شارع السعادة، مقابل البنك العربي والبنك الاسلامي - عمارة طارق سنتر - ط5
مركز الترك لتقويم النطق واللغة,إعاقات متعددة,المراكز والمؤسسات,الزرقاء|جهة خاصة,الأردن,57e5c2cc-7aa6-46ef-a619-d620e5814d36,,,الزرقاء، شارع السعادة، عمارة السعادة - مقابل مطاعم السلام
مركز آل مكتوم للعناية بالشلل الدماغي,إعاقات سمعية,المراكز والمؤسسات,الزرقاء|جهة خاصة,الأردن,99402f04-ac96-40d1-a7c9-554dd98e9512,962786760044,cpf-zarka@hotmail.com,الزرقاء، شارع السائب بن العوام، حي رمزي، خلف الدفاع المدني - جانب مسبح الفيروز
مركز التعليم للجميع لتنمية وتطوير قدرات الطفل,إعاقات حركية,المراكز والمؤسسات,جهة خاصة|عمان,الأردن,bdfd56ad-6b1b-4e9f-89f4-0ab8ff8ca27b,,info@learning2gether.com.jo,عمان، تلاع العلي، خلف أسواق السلطان - شارع عياض بن زهير - فيلا رقم 38
الأكاديمية الوطنية للتربية الخاصة,إعاقات متعددة,المراكز والمؤسسات,جهة خاصة|عمان,الأردن,5c47a0b9-0e03-47ea-92cd-c4b986fc1ae2,,,عمان، ماركا الجنوبية، المغيرات - مقابل شركة الكوكاكولا
شركة البراءة للتجهيزات الطبية,إعاقات متعددة,المراكز والمؤسسات,جهة خاصة|عمان,الأردن,db1b9989-f8bb-4a6f-acfe-fe13c8709862,,baraa.bmc@gmail.com,عمان، جبل الحسين، دوار الداخلية - شارع الرازي - بناء 116
مركز الخزامى,إعاقات متعددة,المراكز والمؤسسات,جهة خاصة|عمان,الأردن,a918ecd0-f3c6-44b1-934a-545d65391386,,info@khuzamajo.org,عمان، شارع الإستقلال، خلف وزارة التنمية الإجتماعية
جمعية بناة الوطن لرعاية وتأهيل المعوقين,إعاقات متعددة,المراكز والمؤسسات,جهة حكومية|عمان,الأردن,bce2d670-985a-44ea-a8d8-d42cca6efd71,,,عمان، الأشرفية، شارع سوق عكاظ
جمعية أبو علندا للتنمية الاجتماعية,إعاقات متعددة,المراكز والمؤسسات,جهة تطوعية|عمان,الأردن,28d8ba1b-3a93-49d3-9dd1-4cd30945bcbb,962797156966,,عمان، أبو علندا، شارع الكهف - داخل حديقة الشهيد محمد حمد الحنيطي
جمعية الحياة لرعاية وتأهيل المعوقين الخيرية,إعاقات متعددة,المراكز والمؤسسات,جهة تطوعية|عمان,الأردن,192f528e-2de0-4750-9b92-cff05bc15de1,,association.alhayat.jo@gmail.com,عمان، الدوار الأول، شارع الرينبو
جمعية الزهراء الخيرية لرعاية الطفولة,إعاقات متعددة,المراكز والمؤسسات,جهة خاصة|عمان,الأردن,17164808-8091-4ae3-a044-cfd9316f49e4,962797795905,kurdi_hana@yahoo.com,عمان، تلاع العلي، خلف وزارة الزراعة - عمارة 29
جمعية تنمية المرأة الأردنية للصم,إعاقات متعددة,المراكز والمؤسسات,جهة حكومية|عمان,الأردن,e75eed75-16ce-4bfd-b75b-1fa7fc80113c,962777991499,deaf-women@hotmail.com,عمان، جبل الحسين، دوار المأمونية
جمعية أنا إنسان للأشخاص ذوي الإعاقة,إعاقات سمعية,المراكز والمؤسسات,جهة تطوعية|عمان,الأردن,9f765cff-bcc2-4f52-a487-4d8351d01551,,iamahuman.isia@yahoo.com,عمان، شارع الاردن، عرجان - شارع رشيد بقدونس - مبنى 15
الهيئة الهاشمية للمصابين العسكريين,إعاقات متعددة,المراكز والمؤسسات,جهة حكومية|عمان,الأردن,496d47d0-bb27-406c-a542-1948738085aa,962795859211,hcdsjo@yahoo.com,عمان، حي المدينة الرياضية، منطقة الكرسي، بجانب أسواق السلام - شارع الشعب
جمعية الجنوب للتربية الخاصة,إعاقات متعددة,المراكز والمؤسسات,جهة تطوعية|معان,الأردن,2d9d75bb-4e75-480f-8665-1ad7926f8ffc,,,معان، الطريق الصحراوي، قرب مبنى المحافظة
جمعية البادية الوسطى لذوي الإحتياجات الخاصة,إعاقات متعددة,المراكز والمؤسسات,جهة تطوعية|عمان,الأردن,bc9477b3-3cb4-47ef-be52-7bacde61cf38,962777244883,,عمان، الموقر، بجانب مركز الملكة رانيا العبدالله لتكنولوجيا المعلومات
جمعية شمس الأمل لرعاية الأشخاص ذوي الإعاقة,إعاقات متعددة,المراكز والمؤسسات,جهة تطوعية|عمان,الأردن,3cef42c0-3b23-4d9b-ad2e-ecc8ce02c0df,962776750720,shmsalamal@gmail.com,عمان، سحاب، الحي الشمالي ، مجمع الباصات القديم - شارع صالة السيتي
الجمعية الأردنية للعلاج الوظيفي,إعاقات متعددة,المراكز والمؤسسات,جهة تطوعية|عمان,الأردن,a40fd2dc-176b-401a-a0d9-99491b5cfe2b,962776085300,jost.jordan@gmail.com,عمان، وادي صقرة، شارع عرار
مركز النورس للنطق واللغة,إعاقات متعددة,المراكز والمؤسسات,جهة خاصة|عمان,الأردن,2d3264e7-61d9-4ab1-b4fb-7c263fd91f16,,alnourascenter@yahoo.com,عمان، العبدلي، مجمع شيكاغو التجاري - ط1- مكتب 10
جمعية تدريب وتأهيل الفتيات المعاقات الخيرية,إعاقات متعددة,المراكز والمؤسسات,جهة تطوعية|عمان,الأردن,fce8f982-f7b9-4f98-9e6e-624a41fc38aa,,training_girls@yahoo.com,عمان، النزهة، خلف استقلال مول، مقابل مجمع سفيان الثوري - مبنى رقم 28
مركز التأهيل المجتمعي للمعاقين/ مخيم الطالبية,إعاقات متعددة,المراكز والمؤسسات,جهة دولية|عمان,الأردن,918b079a-ef4f-46e1-a5fc-64910d659067,,crc.talbeah@yahoo.com,عمان، الجيزة، مخيم الطالبية - قرب مدرسة الطالبية الثانوية للبنات
مركز التأهيل المجتمعي للمعاقين/ الوحدات,إعاقات متعددة,المراكز والمؤسسات,جهة دولية|عمان,الأردن,40a159de-57a4-43a2-86fe-434721c97d07,962796962578,wehdatcbr96@yahoo.com,عمان، مخيم الوحدات، شارع مدارس وكالة الغوث
جمعية شرق عمان الخيرية,إعاقات متعددة,المراكز والمؤسسات,جهة خاصة|عمان,الأردن,19e01bd5-62fe-4b45-bfb2-fdce24cbd556,,east.amman@yahoo.com,عمان، ماركا الجنوبية، شارع صالح حسن هملان، دوار اليونيسيف - مقابل مؤسسة نهر الاردن
مركز العناية والرعاية للتربية الخاصة,إعاقات حركية,المراكز والمؤسسات,جهة خاصة|عمان,الأردن,e12dba65-e707-48a4-994c-b51f312094f5,,,عمان، القسطل، جسر المطار - قرب كازية النبر
جمعية أهالي وأصدقاء الأشخاص المعوقين,إعاقات متعددة,المراكز والمؤسسات,جهة تطوعية|عمان,الأردن,39bf97c6-ad2a-4f2a-95e1-b0d080918ab4,,fsspd17@gmail.com,عمان، جبل الحسين، شارع الجليل، قرب جامع المحسنين، مقابل مدرسة الرشيد الأساسية - بناية رقم 86
المدرسة العربية للتربية الخاصة,إعاقات متعددة,المراكز والمؤسسات,جهة خاصة|عمان,الأردن,d06792cc-748e-4f28-a284-52b3f9fe9ff6,,arabicsse@yahoo.com,عمان، البنيات، شارع الحرية - بجانب صالة فينيسيا
أكاديمية العصام للتربية الخاصة,إعاقات متعددة,المراكز والمؤسسات,جهة خاصة|عمان,الأردن,e9961652-fb88-4688-8bd4-0bc0cd0eb737,,alessam.academy@gmail.com,عمان، مرج الحمام، إسكان سلطة المصادر الطبيعية - خلف محطة أبو زهرة للمحروقات
مركز بدوة للتربية الخاصة,إعاقات متعددة,المراكز والمؤسسات,جهة تطوعية|عمان,الأردن,5884a452-3ca0-4440-beef-cd23991cff59,,sehanafseh@hotmail.com,عمان، اللويبدة، شارع عادل زعيتر - بجانب مكتب منظمة التحرير الفلسطينية
الأكاديمية الأردنية للرعاية الشاملة,إعاقات ذهنية,المراكز والمؤسسات,جهة خاصة|عمان,الأردن,2290d878-2c4f-49be-81ca-cb5187fb31f1,,,عمان، ضاحية الرشيد
مركز إصرار للتربية الخاصة,إعاقات ذهنية,المراكز والمؤسسات,جهة خاصة|عمان,الأردن,f30337d2-940c-47dd-943c-746358b62673,,israr.academy.jo@gmail.com,عمان، الرابية، مقابل مطعم أريج الشام - فيلا 19
المركز الدولي للتدخل السلوكي,إعاقات متعددة,المراكز والمؤسسات,جهة خاصة|عمان,الأردن,bf3cff2b-d04a-4be9-ac52-4521a0cd1db3,962797760333,ibic.jordan@gmail.com,عمان، الجبيهة، حي ام زويتينة، مقابل التعليم العالي - بجانب مدارس ليمار
مركز شمس الأردن للتربية الخاصة,إعاقات ذهنية|توحد,المراكز والمؤسسات,جهة خاصة|عمان,الأردن,d94ff7ca-109e-4d4d-9110-c9e16801c307,962797769640,shamsalordon@gmail.com,عمان، جاوا، قرب معصرة الزيتون
مركز السوسنة للتربية الخاصة,إعاقات ذهنية,المراكز والمؤسسات,جهة خاصة|عمان,الأردن,d1c94b9e-3d5c-437d-90eb-36c4c7ed0a26,962795553489,iris4special@gmail.com,عمان، أبو نصير، قرب مستشفى الرشيد
مركز التحدي للتربية الخاصة,إعاقات ذهنية,المراكز والمؤسسات,جهة خاصة|عمان,الأردن,573a3d57-216e-4d10-ab5d-f9c5e716800d,962790797172,althaddi4se@gmail.com,عمان، طريق المطار، بجانب جامعة الشرق الأوسط للدراسات العليا
مركز المنار للتنمية الفكرية / سحاب,إعاقات ذهنية,المراكز والمؤسسات,جهة حكومية|عمان,الأردن,c04995e9-d57c-4fac-a2c5-d82b2cef3e46,962776986334,,عمان، سحاب، العبدلية، طريق خشافية الدبايبة - قرب مركز شباب وشابات لواء سحاب
معهد التصحيح الزائد للتربية الخاصة,إعاقات ذهنية,المراكز والمؤسسات,جهة خاصة|عمان,الأردن,3505ba9a-01c9-41f8-acf1-56af42e9745b,962786198616,h14seham@gmail.com,عمان، طبربور، إسكان الجيش، بجانب مبنى المتقاعدين العسكريين - مبنى رقم 16
مركز القرية العربية لذوي التحديات الخاصة,إعاقات ذهنية,المراكز والمؤسسات,جهة خاصة|عمان,الأردن,68d1c216-1fed-46d6-a3be-175dfb004d6c,,info@arabic.village-jo.com,عمان، شفا بدران، شارع عبد الحميد أبو ريشة، قرب مسجد الصابرين - قرب مركز الرعاية و الأيتام
جمعية أجواء الأردن الخيرية,إعاقات ذهنية,المراكز والمؤسسات,جهة تطوعية|عمان,الأردن,4af070ec-3509-4935-8e49-289eeeabf17f,,info@ajwaa.org,عمان، أبو نصير، حي السعادة، شارع الكرامة - إشارة النصيرات - ط 1 - مكتب 7
مؤسسة إدراك للتربية الخاصة,إعاقات ذهنية,المراكز والمؤسسات,جهة خاصة|عمان,الأردن,610efb87-29d8-423a-a68d-20f6d113ef7c,962798853637,zinagwor@yahoo.com,عمان، الدوار السابع، شارع إبراهيم القطان - فيلا رقم 27
معهد الشرق الأوسط للتربية الخاصة,إعاقات ذهنية,المراكز والمؤسسات,جهة خاصة|عمان,الأردن,b34ab162-9c49-45ed-9d38-6b1b85f16cb0,,meise.info@gmail.com,عمان، طبربور، خلف أسواق بدران - قرب مركز الفاروق للقرآن
مركز المدار الدولي للتربية الخاصة,إعاقات ذهنية,المراكز والمؤسسات,جهة خاصة|عمان,الأردن,93199f2e-7fa3-4812-b1e9-bbef92864d81,,almadar.center@yahoo.com,عمان، المقابلين، الحسينية، دوار جويعد - قرب مدراس الحسينية  للذكور - بناء رقم 12 - ط.ارضي
مركز دنيا الطفل لذوي الاحتياجات الخاصة,إعاقات ذهنية,المراكز والمؤسسات,جهة خاصة|عمان,الأردن,bdf8fbd6-5716-4132-a797-e68e95d49a6b,962791473035,,عمان، أبو علندا، حي الشيوخ _ مقابل مجمع زهرة الاردن - بناء رقم 14
جمعية بيت المقدس الخيرية,إعاقات ذهنية,المراكز والمؤسسات,جهة تطوعية|عمان,الأردن,7d3b2df8-7328-4506-a2e7-5c745a7abc95,962795178973,bayt_almaqdes@hotmail.com,عمان، أم نوارة، شارع الدفاع المدني _ قرب مدارس صناع التفوق
مركز أوكسجين للرعاية والتأهيل,إعاقات ذهنية,المراكز والمؤسسات,جهة خاصة|عمان,الأردن,4d34f736-aa75-45d1-81d5-2fb134c1babe,,o2jordan@hotmail.com,عمان، الدوار السابع، خلف محطة البرج للمحروقات، شارع عبدالرحمن خليفة - فيلا رقم 4
مركز السند للتدريب,إعاقات ذهنية,المراكز والمؤسسات,جهة خاصة|عمان,الأردن,ed4f2b83-2a74-42ec-addc-19e3a33c42e3,,sundoskiswani@gmail.com,عمان، صويلح، شارع الملكة رانيا العبدالله، قرب مجدي مول - عمارة النبر - بناية رقم 313 - ط.أرضي
مدرسة المسار لخدمات تطور الطفل,إعاقات متعددة,المراكز والمؤسسات,جهة خاصة|عمان,الأردن,2a48b53f-5db8-41fb-9da3-96016960c829,962795000048,info@almsar.edu.jo,عمان، خلدا، شارع الباقورة - بناء رقم 30
مركز جاك سركيس,إعاقات ذهنية,المراكز والمؤسسات,جهة خاصة|عمان,الأردن,05e63258-21e2-4a16-964b-7229a9d792ed,,info@jacksarkis.com,عمان، خلدا، شارع وصفي التل - بناء339
مركز رشا للتربية الخاصة,إعاقات متعددة,المراكز والمؤسسات,جهة خاصة|عمان,الأردن,7a814b2f-d03d-4bb1-a3ea-d2aa1c4258d7,,ksawla3@orange.jo,عمان، جبل عمان، شارع رياض المفلح، مقابل السفارة الفلسطينية - عمارة 34
جمعية الهبة للأيتام ذوي الاعاقة,إعاقات متعددة,المراكز والمؤسسات,جهة تطوعية|عمان,الأردن,833c9c92-9a26-4e43-8b70-b21d367ca18b,962796411221,hebaorphansorg@yahoo.com,عمان، ماركا الشمالية، مقابل بنك الإسكان، مجمع علي الحواري - ط2 - مكتب 13
مركز الحاجة رفيقة لذوي الاحتياجات الخاصة النهاري الخيري للإعاقات الذهنية,إعاقات متعددة,المراكز والمؤسسات,جهة تطوعية|عمان,الأردن,58b3a291-9326-4917-bdcc-1b2891e51d33,962795431828,rafikasadkatzakah@yahoo.com,عمان، الوحدات، حي أم تينة الجنوبي، شارع النهر بجانب المركز الصحي - حي العودة
جمعية نعمل لأجلكم,إعاقات ذهنية,المراكز والمؤسسات,جهة تطوعية|عمان,الأردن,61465383-5ad9-4dc2-ab45-569039f80f60,,,عمان، الهاشمي الشمالي، قرب جمعية النوارس
جمعية التكاتف للصم والأيتام الخيرية,إعاقات متعددة,المراكز والمؤسسات,جهة تطوعية|عمان,الأردن,e0cf094b-dc9c-4fa9-bd65-1e98258a0d88,962797808998,,عمان، الوحدات، خلف حلويات السهل الاخضر
مركز أطلس الشرق للتوحد وتنمية القدرات,إعاقات سمعية,المراكز والمؤسسات,جهة خاصة|عمان,الأردن,5a3e2e66-40cf-47a0-b274-77f1f3720ba3,,info@ea-autsim.com,عمان، الجبيهة، خلف مدارس الإبداع التربوي
مركز الهدبان للتربية الخاصة,توحد,المراكز والمؤسسات,جهة خاصة|عمان,الأردن,e40d64b4-faf5-4893-aeca-16e9c4c40229,962778437080,info@alhadbancenter.com,عمان، الجبيهة، ضاحية الرشيد - شارع زينب الأسدية - بناية 24
مركز التداوي لذوي الإعاقة,إعاقات متعددة,المراكز والمؤسسات,جهة خاصة|عمان,الأردن,9d24e64a-c4b0-4763-a393-5783a9b1b3a2,,,عمان، وادي السير، البحاث
الجمعية الأردنية للفنيل كيتون الخيرية,إعاقات متعددة,المراكز والمؤسسات,جهة تطوعية|عمان,الأردن,528b4c53-3607-446c-a097-e6f54d02af82,962796417636,f.davvagh@yahoo.com / salehdabbagh@yahoo.com,عمان، الجاردنز، عمارة البنك الإسلامي - مكتب رقم 301
المركز العربي للتربية الخاصة,إعاقات ذهنية,المراكز والمؤسسات,جهة خاصة|عمان,الأردن,a7094b33-104b-4751-b68b-4cbd99b65b69,962795661397,thearabcenter_se@yahoo.com,عمان، أم السماق، شارع إبراهيم مفلح العساف - فيلا30
مركز وائل الترك للتجهيزات الطبية والسمعية,إعاقات ذهنية,المراكز والمؤسسات,جهة خاصة|عمان,الأردن,63a1ebee-baca-493c-8a7f-624cbab8b92a,,alturkwael@yahoo.com,عمان، جبل الحسين، دوار فراس، مجمع لؤلؤة القريني - ط 3
مركز عمر بن الخطاب للأطراف الإصطناعية والمقومات الطبية,إعاقات سمعية,المراكز والمؤسسات,جهة خاصة|عمان,الأردن,e457489e-8042-4cf8-8866-257c370f38b0,962795339699,jmcmt.obk@gmail.com,عمان، شارع الخالدي، مجمع ماجي الطبي - بناء رقم (19)
مركز عمان للتوحد,إعاقات حركية,المراكز والمؤسسات,جهة خاصة|عمان,الأردن,8cdd2323-edd1-4176-9728-5872deb3027f,962795241142,ammanautsim2007@gmail.com,عمان، طبربور، نزلة السهل الاخضر- بناء رقم 51
جمعية الياسمين لأطفال الداون,توحد,المراكز والمؤسسات,جهة تطوعية|عمان,الأردن,bcf893b3-f0af-45e1-b4dc-6c403aa53229,962796593838,info@yasmeen-jo.com,عمان، مرج الحمام، خلف مدرسة أم عبهرة للبنين
حضانة وروضة ألوان للتعليم المبكر,متلازمة داون,المراكز والمؤسسات,جهة خاصة|عمان,الأردن,e8ef3712-334e-488b-b27d-1d8cc81fea62,962787661155,colorsnursrey@hotmail.com,عمان، الجبيهة، شارع عبدالله بن خلاد، خلف البنك العربي، عمارة رقم 11 - ط ارضي
المدرسة النموذجية للتربية الخاصة,إعاقات متعددة,المراكز والمؤسسات,جهة خاصة|عمان,الأردن,5243c253-3809-4384-bd05-b5614b2de517,962789332944,info@namothajia.com,عمان، طريق مطار الملكة علياء الدولي، خريبة السوق - خلف مدارس بيت المقدس
مركز المنار للتنمية الفكرية / المقابلين,إعاقات متعددة,المراكز والمؤسسات,جهة حكومية|عمان,الأردن,ff63f7e7-b2d5-4345-baea-41e7b53a3b37,962796551080,,عمان، ضاحية الحج حسن، شارع الإذاعة - مقابل ضريبة الدخل
مركز الرازي للتربية الخاصة,إعاقات ذهنية,المراكز والمؤسسات,جهة خاصة|عمان,الأردن,dd80f014-bd88-40d0-bc36-ba40223c2870,962796963963,,عمان، الدوار السابع، شارع إبراهيم القطان - بجانب ميوزيك بوكس
مركز الأمل للتربية الخاصة,إعاقات ذهنية,المراكز والمؤسسات,جهة تطوعية|عمان,الأردن,fdb90113-9761-4f56-8120-37800fc6d845,,yusraqazazz@yahoo.com,عمان، بيادر وادي السير، حي الجندويل، شارع أحمد عقلة النسور - بناء رقم 29
الجمعية الوطنية لذوي الاحتياجات الخاصة,إعاقات ذهنية,المراكز والمؤسسات,جهة خاصة|عمان,الأردن,aa3d5691-fee8-4edd-85c9-c52aa7c79300,,nasn@orange.jo,عمان، الجاردنز، شارع حكيم بن حزام - فيلا رقم 4
,,,,,ca7dc38e-948a-4786-9209-a4b1bf8c0c9e,,,
,,,,,7293f7b2-ca2d-44a6-b16a-5904f7209994,,,
,,,,,77554eae-fdb7-4ab5-a27e-f85fe36cf373,,,
,,,,,8ed1e5e4-da68-42ce-affa-4a94b22e8d62,,,
,,,,,85a88609-20a3-49ec-adac-706750ccf6b3,,,
,,,,,63a32621-9c8f-443f-8629-51e71aa681d6,,,
,,,,,8e105f88-a422-4c81-9fba-03d327b21e66,,,
,,,,,c064a7cf-d36b-4565-9fea-522648ca7590,,,
,,,,,bd0e9a63-af4e-4e92-be09-42251354d2e5,,,
,,,,,9b39e683-33d8-4822-b168-04c4fcdc8abe,,,
,,,,,1415d9b2-e9cd-49f5-8a55-b2c639e11425,,,
,,,,,dfd84636-fff6-4849-80f2-8361775184c7,,,
,,,,,cd4ee9b6-782a-47a6-9ce6-f02d228ac89d,,,
,,,,,7244bf7b-d4f8-4ba2-8aa9-a5246591615e,,,
,,,,,a6d32ed1-03d0-4040-9667-2d207bd42436,,,
,,,,,edd3ab12-581d-44a5-920f-ae98bda46540,,,
,,,,,52fe09f1-58fb-475f-8420-7b5f632fd2d2,,,
,,,,,cb2508f8-26b2-4d70-8a2c-372182e1d250,,,
,,,,,b95b5441-e96f-4d2e-a44a-c71246a2e52c,,,
,,,,,f8e60436-790d-4b4e-8f1f-db4c1f7b14d2,,,
,,,,,12415345-54ca-4af1-9d7c-646f9a9d65ef,,,
,,,,,53d5fdf9-ad79-4ede-b00e-540c0bcf5e10,,,
,,,,,542aad65-9fff-4159-87b9-b3aebe52b98d,,,
,,,,,78a38ea8-4e6a-4aab-9c12-168741b6bf55,,,