Title,Directory Categories,Directory Tags,com,uid,country
الجمعية الأردنية للتوحد,توحد,جهة تطوعية|عمان,المراكز والمؤسسات,956,الأردن
الأكاديمية الملكية للمكفوفين,إعاقات بصرية,جهة حكومية|عمان,المراكز والمؤسسات,957,الأردن
المركز السعودي لتأهيل وتدريب الكفيفات,إعاقات بصرية,جهة دولية|عمان,المراكز والمؤسسات,958,الأردن
مركز نازك الحريري الخيري للتربية الخاصة,إعاقات متعددة,جهة خاصة|عمان,المراكز والمؤسسات,959,الأردن
جمعية الضياء الخيرية لتربية وتعليم الأطفال المعوقين بصرياً,إعاقات بصرية,جهة تطوعية|عمان,المراكز والمؤسسات,960,الأردن
جمعية الصداقة للمكفوفين,إعاقات بصرية,جهة تطوعية|عمان,المراكز والمؤسسات,961,الأردن
جمعية الشهيد عمر المجالي للتبرع بالقرنيات,إعاقات بصرية,جهة تطوعية|عمان,المراكز والمؤسسات,962,الأردن
جمعية باب الخير للعمل التطوعي,إعاقات متعددة,جهة تطوعية|عمان,المراكز والمؤسسات,963,الأردن
الأكاديمية الأردنية للتوحد (فرع التأهيل المهني ),توحد,جهة خاصة|عمان,المراكز والمؤسسات,964,الأردن
الأكاديمية الأردنية للتوحد (الفرع الرئيسي),توحد,جهة خاصة|عمان,المراكز والمؤسسات,965,الأردن
المركز الأردني التخصصي للتوحد,توحد,جهة خاصة|عمان,المراكز والمؤسسات,966,الأردن
شركة التواصل للتوحد,توحد,جهة خاصة|عمان,المراكز والمؤسسات,967,الأردن
جمعية الحسين/مركز الأردن للتدريب والدمج الشامل,إعاقات حركية,جهة تطوعية|عمان,المراكز والمؤسسات,968,الأردن
جمعية مؤسسة العناية بالشلل الدماغي,إعاقات حركية,جهة تطوعية|عمان,المراكز والمؤسسات,969,الأردن
جمعية ابن سينا للشلل الدماغي,إعاقات حركية,جهة تطوعية|عمان,المراكز والمؤسسات,970,الأردن
مركز الشميساني للعلاج الطبيعي,إعاقات حركية,جهة خاصة|عمان,المراكز والمؤسسات,971,الأردن
جمعية رعاية الصم الخيرية,إعاقات سمعية,جهة تطوعية|عمان,المراكز والمؤسسات,972,الأردن
مؤسسة الملكة علياء للسمع والنطق,إعاقات سمعية,جهة تطوعية|عمان,المراكز والمؤسسات,973,الأردن
مركز سمعيات النصر,إعاقات سمعية,جهة حكومية|عمان,المراكز والمؤسسات,974,الأردن
مركز الصم لتكنولوجيا المعلومات,إعاقات سمعية,جهة حكومية|عمان,المراكز والمؤسسات,975,الأردن
جمعية الصم والبكم الخيرية,إعاقات سمعية,جهة تطوعية|عمان,المراكز والمؤسسات,976,الأردن
روضة حكايات الطفولة,صعوبات تعلم,جهة خاصة|عمان,المراكز والمؤسسات,977,الأردن
مركز جمعية الشابات المسلمات للتربية الخاصة,إعاقات ذهنية,جهة تطوعية|عمان,المراكز والمؤسسات,978,الأردن
الجمعية الوطنية لذوي الاحتياجات الخاصة,إعاقات ذهنية,جهة خاصة|عمان,المراكز والمؤسسات,979,الأردن
مركز الأمل للتربية الخاصة,إعاقات ذهنية,جهة تطوعية|عمان,المراكز والمؤسسات,980,الأردن
مركز الرازي للتربية الخاصة,إعاقات ذهنية,جهة خاصة|عمان,المراكز والمؤسسات,981,الأردن
مركز المنار للتنمية الفكرية / المقابلين,إعاقات ذهنية,جهة حكومية|عمان,المراكز والمؤسسات,982,الأردن
المدرسة النموذجية للتربية الخاصة,إعاقات متعددة,جهة خاصة|عمان,المراكز والمؤسسات,983,الأردن
حضانة وروضة ألوان للتعليم المبكر,إعاقات متعددة,جهة خاصة|عمان,المراكز والمؤسسات,984,الأردن
جمعية الياسمين لأطفال الداون,متلازمة داون,جهة تطوعية|عمان,المراكز والمؤسسات,985,الأردن
مركز عمان للتوحد,توحد,جهة خاصة|عمان,المراكز والمؤسسات,986,الأردن
مركز عمر بن الخطاب للأطراف الإصطناعية والمقومات الطبية,إعاقات حركية,جهة خاصة|عمان,المراكز والمؤسسات,987,الأردن
مركز وائل الترك للتجهيزات الطبية والسمعية,إعاقات سمعية,جهة خاصة|عمان,المراكز والمؤسسات,988,الأردن
المركز العربي للتربية الخاصة,إعاقات ذهنية,جهة خاصة|عمان,المراكز والمؤسسات,989,الأردن
الجمعية الأردنية للفنيل كيتون الخيرية,إعاقات ذهنية,جهة تطوعية|عمان,المراكز والمؤسسات,990,الأردن
مركز التداوي لذوي الإعاقة,إعاقات متعددة,جهة خاصة|عمان,المراكز والمؤسسات,991,الأردن
مركز الهدبان للتربية الخاصة,إعاقات متعددة,جهة خاصة|عمان,المراكز والمؤسسات,992,الأردن
مركز أطلس الشرق للتوحد وتنمية القدرات,توحد,جهة خاصة|عمان,المراكز والمؤسسات,993,الأردن
جمعية التكاتف للصم والأيتام الخيرية,إعاقات سمعية,جهة تطوعية|عمان,المراكز والمؤسسات,994,الأردن
جمعية نعمل لأجلكم,إعاقات متعددة,جهة تطوعية|عمان,المراكز والمؤسسات,995,الأردن
مركز الحاجة رفيقة لذوي الاحتياجات الخاصة النهاري الخيري للإعاقات الذهنية,إعاقات ذهنية,جهة تطوعية|عمان,المراكز والمؤسسات,996,الأردن
جمعية الهبة للأيتام ذوي الاعاقة,إعاقات متعددة,جهة تطوعية|عمان,المراكز والمؤسسات,997,الأردن
مركز رشا للتربية الخاصة,إعاقات متعددة,جهة خاصة|عمان,المراكز والمؤسسات,998,الأردن
مركز جاك سركيس,إعاقات متعددة,جهة خاصة|عمان,المراكز والمؤسسات,999,الأردن
مدرسة المسار لخدمات تطور الطفل,إعاقات ذهنية,جهة خاصة|عمان,المراكز والمؤسسات,1000,الأردن
مركز السند للتدريب,إعاقات متعددة,جهة خاصة|عمان,المراكز والمؤسسات,1001,الأردن
مركز أوكسجين للرعاية والتأهيل,إعاقات ذهنية,جهة خاصة|عمان,المراكز والمؤسسات,1002,الأردن
جمعية بيت المقدس الخيرية,إعاقات ذهنية,جهة تطوعية|عمان,المراكز والمؤسسات,1003,الأردن
مركز دنيا الطفل لذوي الاحتياجات الخاصة,إعاقات ذهنية,جهة خاصة|عمان,المراكز والمؤسسات,1004,الأردن
مركز المدار الدولي للتربية الخاصة,إعاقات ذهنية,جهة خاصة|عمان,المراكز والمؤسسات,1005,الأردن
معهد الشرق الأوسط للتربية الخاصة,إعاقات ذهنية,جهة خاصة|عمان,المراكز والمؤسسات,1006,الأردن
مؤسسة إدراك للتربية الخاصة,إعاقات ذهنية,جهة خاصة|عمان,المراكز والمؤسسات,1007,الأردن
جمعية أجواء الأردن الخيرية,إعاقات ذهنية,جهة تطوعية|عمان,المراكز والمؤسسات,1008,الأردن
مركز القرية العربية لذوي التحديات الخاصة,إعاقات ذهنية,جهة خاصة|عمان,المراكز والمؤسسات,1009,الأردن
معهد التصحيح الزائد للتربية الخاصة,إعاقات ذهنية,جهة خاصة|عمان,المراكز والمؤسسات,1010,الأردن
مركز المنار للتنمية الفكرية / سحاب,إعاقات ذهنية,جهة حكومية|عمان,المراكز والمؤسسات,1011,الأردن
مركز التحدي للتربية الخاصة,إعاقات ذهنية,جهة خاصة|عمان,المراكز والمؤسسات,1012,الأردن
مركز السوسنة للتربية الخاصة,إعاقات ذهنية,جهة خاصة|عمان,المراكز والمؤسسات,1013,الأردن
مركز شمس الأردن للتربية الخاصة,إعاقات ذهنية,جهة خاصة|عمان,المراكز والمؤسسات,1014,الأردن
المركز الدولي للتدخل السلوكي,إعاقات ذهنية|توحد,جهة خاصة|عمان,المراكز والمؤسسات,1015,الأردن
مركز إصرار للتربية الخاصة,إعاقات متعددة,جهة خاصة|عمان,المراكز والمؤسسات,1016,الأردن
الأكاديمية الأردنية للرعاية الشاملة,إعاقات ذهنية,جهة خاصة|عمان,المراكز والمؤسسات,1017,الأردن
مركز بدوة للتربية الخاصة,إعاقات ذهنية,جهة تطوعية|عمان,المراكز والمؤسسات,1018,الأردن
أكاديمية العصام للتربية الخاصة,إعاقات متعددة,جهة خاصة|عمان,المراكز والمؤسسات,1019,الأردن
المدرسة العربية للتربية الخاصة,إعاقات متعددة,جهة خاصة|عمان,المراكز والمؤسسات,1020,الأردن
جمعية أهالي وأصدقاء الأشخاص المعوقين,إعاقات متعددة,جهة تطوعية|عمان,المراكز والمؤسسات,1021,الأردن
مركز العناية والرعاية للتربية الخاصة,إعاقات متعددة,جهة خاصة|عمان,المراكز والمؤسسات,1022,الأردن
جمعية شرق عمان الخيرية,إعاقات حركية,جهة خاصة|عمان,المراكز والمؤسسات,1023,الأردن
مركز التأهيل المجتمعي للمعاقين/ الوحدات,إعاقات متعددة,جهة دولية|عمان,المراكز والمؤسسات,1024,الأردن
مركز التأهيل المجتمعي للمعاقين/ مخيم الطالبية,إعاقات متعددة,جهة دولية|عمان,المراكز والمؤسسات,1025,الأردن
جمعية تدريب وتأهيل الفتيات المعاقات الخيرية,إعاقات متعددة,جهة تطوعية|عمان,المراكز والمؤسسات,1026,الأردن
مركز النورس للنطق واللغة,إعاقات متعددة,جهة خاصة|عمان,المراكز والمؤسسات,1027,الأردن
الجمعية الأردنية للعلاج الوظيفي,إعاقات متعددة,جهة تطوعية|عمان,المراكز والمؤسسات,1028,الأردن
جمعية شمس الأمل لرعاية الأشخاص ذوي الإعاقة,إعاقات متعددة,جهة تطوعية|عمان,المراكز والمؤسسات,1029,الأردن
جمعية البادية الوسطى لذوي الإحتياجات الخاصة,إعاقات متعددة,جهة تطوعية|عمان,المراكز والمؤسسات,1030,الأردن
جمعية الجنوب للتربية الخاصة,إعاقات متعددة,جهة تطوعية|معان,المراكز والمؤسسات,1031,الأردن
الهيئة الهاشمية للمصابين العسكريين,إعاقات متعددة,جهة حكومية|عمان,المراكز والمؤسسات,1032,الأردن
جمعية أنا إنسان للأشخاص ذوي الإعاقة,إعاقات متعددة,جهة تطوعية|عمان,المراكز والمؤسسات,1033,الأردن
جمعية تنمية المرأة الأردنية للصم,إعاقات سمعية,جهة حكومية|عمان,المراكز والمؤسسات,1034,الأردن
جمعية الزهراء الخيرية لرعاية الطفولة,إعاقات متعددة,جهة خاصة|عمان,المراكز والمؤسسات,1035,الأردن
جمعية الحياة لرعاية وتأهيل المعوقين الخيرية,إعاقات متعددة,جهة تطوعية|عمان,المراكز والمؤسسات,1036,الأردن
جمعية أبو علندا للتنمية الاجتماعية,إعاقات متعددة,جهة تطوعية|عمان,المراكز والمؤسسات,1037,الأردن
جمعية بناة الوطن لرعاية وتأهيل المعوقين,إعاقات متعددة,جهة حكومية|عمان,المراكز والمؤسسات,1038,الأردن
مركز الخزامى,إعاقات متعددة,جهة خاصة|عمان,المراكز والمؤسسات,1039,الأردن
شركة البراءة للتجهيزات الطبية,إعاقات متعددة,جهة خاصة|عمان,المراكز والمؤسسات,1040,الأردن
الأكاديمية الوطنية للتربية الخاصة,إعاقات متعددة,جهة خاصة|عمان,المراكز والمؤسسات,1041,الأردن
مركز التعليم للجميع لتنمية وتطوير قدرات الطفل,إعاقات متعددة,جهة خاصة|عمان,المراكز والمؤسسات,1042,الأردن
مركز آل مكتوم للعناية بالشلل الدماغي,إعاقات حركية,الزرقاء|جهة خاصة,المراكز والمؤسسات,1043,الأردن
مركز الترك لتقويم النطق واللغة,إعاقات سمعية,الزرقاء|جهة خاصة,المراكز والمؤسسات,1044,الأردن
مركز سما للتجهيزات الطبية والسمعية,إعاقات متعددة,الزرقاء|جهة خاصة,المراكز والمؤسسات,1045,الأردن
مركز جمعية الزهراء الخيرية للتربية الخاصة,إعاقات ذهنية,الزرقاء|جهة تطوعية,المراكز والمؤسسات,1046,الأردن
جمعية الجبل للتربية الخاصة,إعاقات ذهنية,جهة تطوعية|عجلون,المراكز والمؤسسات,1047,الأردن
جمعية أصدقاء المجتمع للإعاقات الذهنية البسيطة والمتوسطة,إعاقات ذهنية,جهة تطوعية|عجلون,المراكز والمؤسسات,1048,الأردن
جمعية صلاح الدين لرعاية المعاقين والأيتام الخيرية,إعاقات متعددة,جهة تطوعية|عجلون,المراكز والمؤسسات,1049,الأردن
جمعية عجلون الخيرية لشؤون الأشخاص ذوي الإعاقة,إعاقات متعددة,جهة تطوعية|عجلون,المراكز والمؤسسات,1050,الأردن
جمعية حليمة السعدية لرعاية الأيتام الخيرية,صعوبات تعلم,المفرق|جهة تطوعية,المراكز والمؤسسات,1051,الأردن
جمعية صبحا لذوي الإحتياجات الخاصة,إعاقات ذهنية,المفرق|جهة تطوعية,المراكز والمؤسسات,1052,الأردن
جمعية بلعما للتربية الخاصة,إعاقات ذهنية,المفرق|جهة تطوعية,المراكز والمؤسسات,1053,الأردن
جمعية رحاب لذوي الإحتياجات الخاصة,إعاقات ذهنية,المفرق|جهة تطوعية,المراكز والمؤسسات,1054,الأردن
جمعية أهالي الرويشد للعناية بالأشخاص المعوقين,إعاقات ذهنية,المفرق|جهة تطوعية,المراكز والمؤسسات,1055,الأردن
جمعية تل الرماح للتنمية الاجتماعية,إعاقات حركية,المفرق|جهة تطوعية,المراكز والمؤسسات,1056,الأردن
مركز الرواء للتربية الخاصة,إعاقات ذهنية,المفرق|جهة خاصة,المراكز والمؤسسات,1057,الأردن
جمعية الخالدية للتربية الخاصة,إعاقات متعددة,المفرق|جهة تطوعية,المراكز والمؤسسات,1058,الأردن
جمعية رعاية الطفل الخيرية,إعاقات متعددة,المفرق|جهة تطوعية,المراكز والمؤسسات,1059,الأردن
جمعية الخربة السمراء للإحتياجات الخاصة الخيرية,إعاقات متعددة,المفرق|جهة تطوعية,المراكز والمؤسسات,1060,الأردن
المركز الإستشاري التطبيقي للتربية الخاصة,إعاقات ذهنية,الزرقاء|جهة خاصة,المراكز والمؤسسات,1061,الأردن
جمعية عقربا الخيرية التنموية / مركز النشاط النهاري للمعاقين الكبار,إعاقات ذهنية,الزرقاء|جهة تطوعية,المراكز والمؤسسات,1062,الأردن
مركز الضليل للرعاية والتأهيل,إعاقات ذهنية,الزرقاء|جهة حكومية,المراكز والمؤسسات,1063,الأردن
شركة العطاء الشامل,إعاقات ذهنية,الزرقاء|جهة خاصة,المراكز والمؤسسات,1064,الأردن
جمعية السيدات العاملات,إعاقات حركية,الزرقاء|جهة تطوعية,المراكز والمؤسسات,1065,الأردن
مركز جمعية عثمان بن عفان للتربية الخاصة,إعاقات ذهنية,الزرقاء|جهة تطوعية,المراكز والمؤسسات,1066,الأردن
مركز مراد الأمل للتربية الخاصة,إعاقات متعددة,الزرقاء|جهة خاصة,المراكز والمؤسسات,1067,الأردن
مركز رؤيا للتربية الخاصة,إعاقات متعددة,الزرقاء|جهة خاصة,المراكز والمؤسسات,1068,الأردن
جمعية خطوتنا,إعاقات متعددة,الزرقاء|جهة تطوعية,المراكز والمؤسسات,1069,الأردن
مركز التأهيل المبني على المجتمع المحلي,إعاقات متعددة,الزرقاء|جهة دولية,المراكز والمؤسسات,1070,الأردن
جمعية سيدات الضليل للتربية الخاصة,إعاقات ذهنية,الزرقاء|جهة تطوعية,المراكز والمؤسسات,1071,الأردن
مركز حطين للكشف المبكر عن الإعاقات والتأهيل المجتمعي,إعاقات متعددة,الزرقاء|جهة حكومية,المراكز والمؤسسات,1072,الأردن
مركز الأمل الجديد لرعاية متعددي الإعاقات,إعاقات متعددة,الزرقاء|جهة حكومية,المراكز والمؤسسات,1073,الأردن
جمعية زارعي البسمة الخيرية,إعاقات متعددة,الزرقاء|جهة تطوعية,المراكز والمؤسسات,1074,الأردن
مركز التأهيل والتشغيل المهني,إعاقات متعددة,الزرقاء|جهة حكومية,المراكز والمؤسسات,1075,الأردن
جمعية سعد بن معاذ الخيرية لذوي الإحتياجات الخاصة,إعاقات متعددة,الزرقاء|جهة تطوعية,المراكز والمؤسسات,1076,الأردن
جمعية الرؤى للمكفوفين/دير علا,إعاقات بصرية,البلقاء|جهة تطوعية,المراكز والمؤسسات,1077,الأردن
مؤسسة الأراضي المقدسة للصم,إعاقات سمعية,البلقاء|جهة تطوعية,المراكز والمؤسسات,1078,الأردن
جمعية الروضة للتنمية الإجتماعية,إعاقات سمعية,البلقاء|جهة تطوعية,المراكز والمؤسسات,1079,الأردن
جمعية السلط الخيرية الإسلامية,إعاقات سمعية,البلقاء|جهة تطوعية,المراكز والمؤسسات,1080,الأردن
مركز الأميرة عالية بنت الحسين للتربية الخاصة,إعاقات ذهنية,البلقاء|جهة تطوعية,المراكز والمؤسسات,1081,الأردن
مركز الأمل للتربية الخاصة,إعاقات ذهنية,البلقاء|جهة تطوعية,المراكز والمؤسسات,1082,الأردن
جمعية البلاونة الخيرية,إعاقات متعددة,البلقاء|جهة تطوعية,المراكز والمؤسسات,1083,الأردن
"مركز الجوفة المجتمعي للتأهيل ""بيت سليم """,إعاقات متعددة,البلقاء|جهة تطوعية,المراكز والمؤسسات,1084,الأردن
جمعية السلط لرعاية وتأهيل ذوي الإعاقات الخيرية,إعاقات متعددة,البلقاء|جهة تطوعية,المراكز والمؤسسات,1085,الأردن
جمعية الوفاق الخيرية,إعاقات سمعية,جهة تطوعية|مأدبا,المراكز والمؤسسات,1086,الأردن
جمعية عبد الرحمن بن عوف الخيرية,إعاقات سمعية,جهة تطوعية|مأدبا,المراكز والمؤسسات,1087,الأردن
مركز الأمل للتربية الخاصة,إعاقات ذهنية,جهة تطوعية|مأدبا,المراكز والمؤسسات,1088,الأردن
بيت اللقاء لذوي الإحتياجات الخاصة,إعاقات متعددة,جهة تطوعية|جهة خاصة|مأدبا,المراكز والمؤسسات,1089,الأردن
جمعية معاذ بن جبل الخيرية للمكفوفين,إعاقات بصرية,إربد|جهة تطوعية,المراكز والمؤسسات,1090,الأردن
"جمعية العائلة البيضاء ""الألبينو"" الخيرية",إعاقات بصرية,إربد|جهة تطوعية,المراكز والمؤسسات,1091,الأردن
مركز إربد للشلل الدماغي,إعاقات حركية,إربد|جهة تطوعية,المراكز والمؤسسات,1092,الأردن
جمعية النهضة للتحديات الحركية,إعاقات حركية,إربد|جهة تطوعية,المراكز والمؤسسات,1093,الأردن
جمعية جديتا الخيرية,إعاقات متعددة,إربد|جهة تطوعية,المراكز والمؤسسات,1094,الأردن
جمعية ملكا الخيرية,إعاقات سمعية,إربد|جهة تطوعية,المراكز والمؤسسات,1095,الأردن
مركز صوت الحياة للسمع والنطق,إعاقات سمعية,إربد|جهة خاصة,المراكز والمؤسسات,1096,الأردن
الجمعية الأردنية للسمع والنطق,إعاقات متعددة,إربد|جهة تطوعية,المراكز والمؤسسات,1097,الأردن
مركز العناية بالسمع والنطق,إعاقات سمعية,إربد|جهة تطوعية,المراكز والمؤسسات,1098,الأردن
مركز المنار للتنمية الفكرية/ إربد,إعاقات ذهنية,إربد|جهة حكومية,المراكز والمؤسسات,1099,الأردن
جمعية أبي الدرداء للتربية الخاصة,إعاقات ذهنية,إربد|جهة تطوعية,المراكز والمؤسسات,1100,الأردن
جمعية المشارع الخيرية,إعاقات ذهنية,إربد|جهة تطوعية,المراكز والمؤسسات,1101,الأردن
جمعية أبي عبيدة الخيرية,إعاقات ذهنية,إربد|جهة تطوعية,المراكز والمؤسسات,1102,الأردن
جمعية الطيبة الخيرية,إعاقات ذهنية,إربد|جهة تطوعية,المراكز والمؤسسات,1103,الأردن
جمعية ارحابا الخيرية,إعاقات ذهنية,إربد|جهة تطوعية,المراكز والمؤسسات,1104,الأردن
الجمعية الخيرية للعمل الإجتماعي,إعاقات ذهنية,إربد|جهة تطوعية,المراكز والمؤسسات,1105,الأردن
جمعية دير يوسف الخيرية,إعاقات ذهنية,إربد|جهة تطوعية,المراكز والمؤسسات,1106,الأردن
جمعية اليرموك /لواء بني كنانة,إعاقات متعددة,إربد|جهة تطوعية,المراكز والمؤسسات,1107,الأردن
جمعية كفر عوان الخيرية,إعاقات متعددة,إربد|جهة تطوعية,المراكز والمؤسسات,1108,الأردن
مركز التأهيل المجتمعي للمعاقين,إعاقات متعددة,إربد|جهة دولية,المراكز والمؤسسات,1109,الأردن
جمعية سمر الخيرية,إعاقات ذهنية,إربد|جهة تطوعية,المراكز والمؤسسات,1110,الأردن
جمعية المنشية لذوي الإحتياجات الخاصة,إعاقات متعددة,إربد|جهة تطوعية,المراكز والمؤسسات,1111,الأردن
جمعية الشفاء لرعاية المعوقين,إعاقات متعددة,إربد|جهة تطوعية,المراكز والمؤسسات,1112,الأردن
مركز البقاعي للرعاية والتأهيل الشامل,إعاقات متعددة,إربد|جهة خاصة,المراكز والمؤسسات,1113,الأردن
جمعية علعال الخيرية,إعاقات متعددة,إربد|جهة تطوعية,المراكز والمؤسسات,1114,الأردن
أكاديمية الشمال للتدريب والتأهيل,إعاقات متعددة,إربد|جهة خاصة,المراكز والمؤسسات,1115,الأردن
جمعية أصحاب الهمم للمعوقين,إعاقات متعددة,إربد|جهة تطوعية,المراكز والمؤسسات,1116,الأردن
الجمعية الهاشمية لرعاية وتأهيل المعاقين,إعاقات متعددة,إربد|جهة تطوعية,المراكز والمؤسسات,1117,الأردن
مركز الكورة الشامل للتربية الخاصة,إعاقات متعددة,إربد|جهة حكومية,المراكز والمؤسسات,1118,الأردن
جمعية الراجف للتربية الخاصة,إعاقات متعددة,جهة تطوعية|معان,المراكز والمؤسسات,1119,الأردن
جمعية الحسينية لرعاية وتأهيل المعاقين,إعاقات متعددة,جهة تطوعية|معان,المراكز والمؤسسات,1120,الأردن
جمعية الشوبك لرعاية الأيتام وذوي الإحتياجات الخاصة الخيرية,إعاقات متعددة,جهة تطوعية|معان,المراكز والمؤسسات,1121,الأردن
جمعية الشراه الجنوبية للتربية الخاصة,إعاقات متعددة,جهة تطوعية|معان,المراكز والمؤسسات,1122,الأردن
جمعية البتراء للتربية الخاصة,إعاقات متعددة,جهة تطوعية|معان,المراكز والمؤسسات,1123,الأردن
جمعية الكرك لرعاية ذوي الإعاقات الحركية,إعاقات حركية,الكرك|جهة تطوعية,المراكز والمؤسسات,1124,الأردن
مركز الكرك للشلل الدماغي,إعاقات حركية,الكرك|جهة تطوعية,المراكز والمؤسسات,1125,الأردن
جمعية سيدات غور الصافي للتنمية الإجتماعية,إعاقات ذهنية,الكرك|جهة تطوعية,المراكز والمؤسسات,1126,الأردن
مركز مؤاب لذوي الإحتياجات الخاصة,إعاقات ذهنية,الكرك|جهة تطوعية,المراكز والمؤسسات,1127,الأردن
جمعية غور الصافي للتنمية الإجتماعية,إعاقات ذهنية,الكرك|جهة تطوعية,المراكز والمؤسسات,1128,الأردن
مركز القطرانة للتربية الخاصة,إعاقات ذهنية,الكرك|جهة حكومية,المراكز والمؤسسات,1129,الأردن
مركز الكرك للرعاية والتأهيل,إعاقات ذهنية,الكرك|جهة حكومية,المراكز والمؤسسات,1130,الأردن
جمعية المدينة المنورة لرعاية ذوي الإحتياجات الخاصة وأسرهم الخيرية,إعاقات متعددة,الكرك|جهة تطوعية,المراكز والمؤسسات,1131,الأردن
جمعية نغم الحياة الخيرية,إعاقات متعددة,الكرك|جهة تطوعية,المراكز والمؤسسات,1132,الأردن
جمعية الشهيد عمر المجالي للتبرع بالقرنيات والأعضاء,إعاقات بصرية,الكرك|جهة تطوعية,المراكز والمؤسسات,1133,الأردن
جمعية السرى لحقوق الأشخاص ذوي الإعاقة,إعاقات متعددة,الكرك|جهة تطوعية,المراكز والمؤسسات,1134,الأردن
جمعية اللورنس لذوي الإعاقة,إعاقات متعددة,الكرك|جهة تطوعية,المراكز والمؤسسات,1135,الأردن
مركز الجود للتربية الخاصة,إعاقات متعددة,الكرك|جهة خاصة,المراكز والمؤسسات,1136,الأردن
مدرسة عبد الرحمن بن عوف للتربية الخاصة,إعاقات سمعية,الطفيلة|جهة حكومية,المراكز والمؤسسات,1137,الأردن
جمعية بصيرا الخيرية,إعاقات متعددة,الطفيلة|جهة تطوعية,المراكز والمؤسسات,1138,الأردن
جمعية مؤسسة العناية بالشلل الدماغي,إعاقات حركية,العقبة|جهة تطوعية,المراكز والمؤسسات,1139,الأردن
جمعية الثغر لرعاية المعوقين,إعاقات ذهنية,العقبة|جهة تطوعية,المراكز والمؤسسات,1140,الأردن
مركز المنار للتنمية الفكرية / العقبة,إعاقات ذهنية,العقبة|جهة حكومية,المراكز والمؤسسات,1141,الأردن
جمعية البادية الجنوبية للتربية الخاصة,إعاقات متعددة,العقبة|جهة تطوعية,المراكز والمؤسسات,1142,الأردن
جمعية أجيال الخيرية,إعاقات متعددة,العقبة|جهة تطوعية,المراكز والمؤسسات,1143,الأردن
مركز سيدة السلام لذوي الإحتياجات الخاصة,إعاقات متعددة,العقبة|جهة تطوعية,المراكز والمؤسسات,1144,الأردن
جمعية أم القطين لذوي الإحتياجات الخاصة,إعاقات متعددة,المفرق|جهة تطوعية,المراكز والمؤسسات,1145,الأردن
مركز نور الحياة للتربية الخاصة,إعاقات ذهنية,جرش|جهة خاصة,المراكز والمؤسسات,1146,الأردن
مركز التأهيل المجتمعي للأشخاص ذوي الإعاقة,إعاقات متعددة,جرش|جهة دولية,المراكز والمؤسسات,1147,الأردن
جمعية قفقفا للتنمية الاجتماعية,إعاقات متعددة,جرش|جهة تطوعية,المراكز والمؤسسات,1148,الأردن
جمعية جرش لرعاية ذوي الإحتياجات الخاصة,إعاقات متعددة,جرش|جهة تطوعية,المراكز والمؤسسات,1149,الأردن
جمعية أم الزيتون الخيرية,إعاقات متعددة,جرش|جهة تطوعية,المراكز والمؤسسات,1150,الأردن
جمعية الأمل الخيرية /جرش,إعاقات متعددة,جرش|جهة تطوعية,المراكز والمؤسسات,1151,الأردن
مركز المنار للتنمية الفكرية /أذرح,إعاقات ذهنية,جهة حكومية|معان,المراكز والمؤسسات,1152,الأردن
جمعية مهارات لرعاية وتأهيل ذوي الإعاقة,إعاقات متعددة,جهة تطوعية|معان,المراكز والمؤسسات,1153,الأردن
جمعية الطيبة الجنوبية لذوي الإحتياجات الخاصة /البتراء,إعاقات متعددة,جهة تطوعية|معان,المراكز والمؤسسات,1154,الأردن
جمعية الجنوب للتربية الخاصة,إعاقات متعددة,جهة تطوعية|معان,المراكز والمؤسسات,1155,الأردن
مدرسة الأمل الثانوية المختلطة للصم,إعاقات سمعية,جهة حكومية|عمان,المراكز والمؤسسات,1156,الأردن
مركز المنار للتنمية الفكرية /عجلون,إعاقات ذهنية,جهة حكومية|عجلون,المراكز والمؤسسات,1157,الأردن
مركز المنار للتنمية الفكرية / المفرق,إعاقات ذهنية,المفرق|جهة حكومية,المراكز والمؤسسات,1158,الأردن
المركز الإستشاري للتوحد,توحد,جهة خاصة|عمان,المراكز والمؤسسات,1159,الأردن
جمعية الصداقة الأردنية الخيرية لذوي الإحتياجات الخاصة,إعاقات حركية,جهة تطوعية|عمان,المراكز والمؤسسات,1160,الأردن
أكاديمية التميز الشامل,إعاقات ذهنية,جهة تطوعية|عمان,المراكز والمؤسسات,1161,الأردن
أكاديمية طوبى للتربية الخاصة وتنمية القدرات,إعاقات ذهنية,جهة خاصة|عمان,المراكز والمؤسسات,1162,الأردن
المدرسة النموذجية للشلل الدماغي,إعاقات حركية,جهة تطوعية|عمان,المراكز والمؤسسات,1163,الأردن
مركز أبو حطب للعلاج الطبيعي,إعاقات حركية,جهة خاصة|عمان,المراكز والمؤسسات,1164,الأردن
مركز الرجاء للتربية الخاصة,إعاقات ذهنية,جهة خاصة|عمان,المراكز والمؤسسات,1165,الأردن
مدارس دار الأرقم الإسلامية وعمان الدولية,صعوبات تعلم,جهة خاصة|عمان,المراكز والمؤسسات,1166,الأردن
مركز الزرقاء الشامل للتربية الخاصة,إعاقات متعددة,الزرقاء|جهة حكومية,المراكز والمؤسسات,1167,الأردن
مركز تنمية المجتمع المحلي,إعاقات حركية,إربد|جهة حكومية,المراكز والمؤسسات,1168,الأردن
جمعية كفرنجة الخيرية,إعاقات حركية,جهة تطوعية|عجلون,المراكز والمؤسسات,1169,الأردن
جمعية المنشية للتربية الخاصة,إعاقات ذهنية,المفرق|جهة تطوعية,المراكز والمؤسسات,1170,الأردن
مركز أصدقاء التوحد الخيري,توحد,العقبة|جهة تطوعية,المراكز والمؤسسات,1171,الأردن
شركة مركز إنجاز للتوحد,توحد,جهة خاصة|عمان,المراكز والمؤسسات,1172,الأردن
مدرسة المخلص الإنجيلية الأسقفية العربية,إعاقات بصرية,الزرقاء|جهة خاصة,المراكز والمؤسسات,1173,الأردن
المدرسة الإنجيلية الأسقفية العربية,إعاقات بصرية,إربد|جهة خاصة,المراكز والمؤسسات,1174,الأردن
جمعية جابر للتنمية الإجتماعية,إعاقات حركية,المفرق|جهة تطوعية,المراكز والمؤسسات,1175,الأردن
مركز روح الشرق للتطوير,إعاقات متعددة,جهة خاصة|عمان,المراكز والمؤسسات,1176,الأردن
جمعية الأمل للتربية الخاصة,إعاقات ذهنية,إربد|جهة تطوعية,المراكز والمؤسسات,1177,الأردن
مركز التأهيل والتشغيل المهني,إعاقات متعددة,إربد|جهة حكومية,المراكز والمؤسسات,1178,الأردن
مركز آية للتربية الخاصة,إعاقات متعددة,جهة خاصة|عمان,المراكز والمؤسسات,1179,الأردن
مركز العقبة الشامل للتربية الخاصة,إعاقات متعددة,العقبة|جهة حكومية,المراكز والمؤسسات,1180,الأردن
مدرسة الأمل الأساسية للصم,إعاقات سمعية,جهة حكومية|عمان,المراكز والمؤسسات,1181,الأردن
مركز لوفاس للتربية الخاصة,إعاقات متعددة,جهة خاصة|عمان,المراكز والمؤسسات,1182,الأردن
جمعية التصلب اللويحي المتعدد الخيرية,إعاقات حركية,جهة تطوعية|عمان,المراكز والمؤسسات,1183,الأردن
مركز CDR لذوي الاعاقة,إعاقات متعددة,جهة خاصة|عمان,المراكز والمؤسسات,1184,الأردن
جمعية السرحان للتربية الخاصة,إعاقات متعددة,المفرق|جهة تطوعية,المراكز والمؤسسات,1185,الأردن
جمعية التطوير المجتمعي للبادية الشمالية الخيرية,إعاقات متعددة,المفرق|جهة تطوعية,المراكز والمؤسسات,1186,الأردن
مركز لبنى للتربية الخاصة,إعاقات متعددة,جهة خاصة|عمان,المراكز والمؤسسات,1187,الأردن
أكاديمية سوا للتربية الخاصة,إعاقات متعددة,جهة خاصة|عمان,المراكز والمؤسسات,1188,الأردن
مركز الأطفال المبتسمين لذوي الإحتياجات الخاصة,إعاقات متعددة,جهة خاصة|عمان,المراكز والمؤسسات,1189,الأردن
جمعية سنا لدعم ذوي الإحتياجات الخاصة,إعاقات ذهنية,جهة تطوعية|عمان,المراكز والمؤسسات,1190,الأردن
مدرسة الفنار الأساسية الخاصة,إعاقات متعددة,الزرقاء|جهة خاصة,المراكز والمؤسسات,1191,الأردن
مركز الأمل للتربية الخاصة,إعاقات ذهنية,إربد|جهة تطوعية,المراكز والمؤسسات,1192,الأردن
مركز الأمل للتربية الخاصة,إعاقات ذهنية,المفرق|جهة تطوعية,المراكز والمؤسسات,1193,الأردن
مركز المنار للتنمية الفكرية / المدينة الرياضية,إعاقات ذهنية,جهة حكومية|عمان,المراكز والمؤسسات,1194,الأردن
مركز جمعية قضاء عرجان للتربية الخاصة,إعاقات متعددة,جهة تطوعية|عجلون,المراكز والمؤسسات,1195,الأردن
جمعية رعاية المعوقين,إعاقات ذهنية,الكرك|جهة تطوعية,المراكز والمؤسسات,1196,الأردن
مدرسة الرجاء لتعليم المعاقين سمعياً,إعاقات سمعية,الزرقاء|جهة خاصة,المراكز والمؤسسات,1197,الأردن
مركز المنار للتنمية الفكرية / زي,إعاقات متعددة,البلقاء|جهة حكومية,المراكز والمؤسسات,1198,الأردن
مجموعة جبل عمان للدعم الأسري,مجموعات دعم أسري,,المراكز والمؤسسات,1199,الأردن
مجموعة طبربور - جبل الحسين للدعم الأسري,مجموعات دعم أسري,,المراكز والمؤسسات,1200,الأردن
مجموعة الوحدات للدعم الأسري,مجموعات دعم أسري,,المراكز والمؤسسات,1201,الأردن
مجموعة الفحيص للدعم الأسري,مجموعات دعم أسري,,المراكز والمؤسسات,1202,الأردن
مجموعة القويسمة للدعم الأسري,مجموعات دعم أسري,,المراكز والمؤسسات,1203,الأردن
مجموعة البنيات للدعم الأسري,مجموعات دعم أسري,,المراكز والمؤسسات,1204,الأردن
مجموعة جبل النظيف للدعم الأسري,مجموعات دعم أسري,,المراكز والمؤسسات,1205,الأردن
مجموعة السلط للدعم الأسري,مجموعات دعم أسري,,المراكز والمؤسسات,1206,الأردن
مجموعة إربد للدعم الأسري,مجموعات دعم أسري,,المراكز والمؤسسات,1207,الأردن
مجموعة الزرقاء للدعم الأسري,مجموعات دعم أسري,,المراكز والمؤسسات,1208,الأردن
مجموعة المفرق للدعم الأسري,مجموعات دعم أسري,,المراكز والمؤسسات,1209,الأردن
مجموعة عين الباشا للدعم الأسري,مجموعات دعم أسري,,المراكز والمؤسسات,1210,الأردن
مجموعة مأدبا للدعم الأسري,مجموعات دعم أسري,,المراكز والمؤسسات,1211,الأردن
مجموعة جرش للدعم الأسري,مجموعات دعم أسري,,المراكز والمؤسسات,1212,الأردن
مجموعة الكرك للدعم الأسري,مجموعات دعم أسري,,المراكز والمؤسسات,1213,الأردن
مركز عزمي المفتي,أماكن صديقة,,المراكز والمؤسسات,1214,الأردن
مركز العابورة,أماكن صديقة,,المراكز والمؤسسات,1215,الأردن
مركز عز الدين القسام,أماكن صديقة,,المراكز والمؤسسات,1216,الأردن
مركز الجوفة,أماكن صديقة,,المراكز والمؤسسات,1217,الأردن
مركز النور,أماكن صديقة,,المراكز والمؤسسات,1218,الأردن
مبادرة متلازمة داون معنا، حياتنا لها معنى,مبادرات مجتمعية وأنشطة,,المراكز والمؤسسات,1219,الأردن
نشاطات صديق,مبادرات مجتمعية وأنشطة,,المراكز والمؤسسات,1220,الأردن
آدم ومشمش,مبادرات مجتمعية وأنشطة,,المراكز والمؤسسات,1221,الأردن
مبادرة بهجة,مبادرات مجتمعية وأنشطة,,المراكز والمؤسسات,1222,الأردن
نايا للتدريب والتنمية المجتمعية,مبادرات مجتمعية وأنشطة,,المراكز والمؤسسات,1223,الأردن
مركز أيتام المقابلين,أماكن صديقة,,المراكز والمؤسسات,1224,الأردن
مركز أيتام المزار الجنوبي,أماكن صديقة,,المراكز والمؤسسات,1225,الأردن
مركز صويلح,أماكن صديقة,,المراكز والمؤسسات,1226,الأردن
مركز مخيم اربد,أماكن صديقة,,المراكز والمؤسسات,1227,الأردن
مركز النظيف لرعاية الأسر الفقيرة,أماكن صديقة,,المراكز والمؤسسات,1228,الأردن
مركز الوحدات,أماكن صديقة,,المراكز والمؤسسات,1229,الأردن
مركز أيتام الرصيفة,أماكن صديقة,,المراكز والمؤسسات,1230,الأردن
مركز أيتام البقعة,أماكن صديقة,,المراكز والمؤسسات,1231,الأردن
مركز أيتام مخيم حطين,أماكن صديقة,,المراكز والمؤسسات,1232,الأردن
مركز مخيم سوف,أماكن صديقة,,المراكز والمؤسسات,1233,الأردن
مركز غور المزرعة,أماكن صديقة,,المراكز والمؤسسات,1234,الأردن
مركز الغور الصافي,أماكن صديقة,,المراكز والمؤسسات,1235,الأردن
مركز أبو هريرة,أماكن صديقة,,المراكز والمؤسسات,1236,الأردن
مركز الكورة,أماكن صديقة,,المراكز والمؤسسات,1237,الأردن
مركز المفرق,أماكن صديقة,,المراكز والمؤسسات,1238,الأردن
مركز فرع الزرقاء,أماكن صديقة,,المراكز والمؤسسات,1239,الأردن
مركز أيتام مخيم مادبا,أماكن صديقة,,المراكز والمؤسسات,1240,الأردن
مركز أيتام مخيم غزة,أماكن صديقة,,المراكز والمؤسسات,1241,الأردن
مركز أيتام البيادر,أماكن صديقة,,المراكز والمؤسسات,1242,الأردن
مركز أيتام مخيم الطالبية,أماكن صديقة,,المراكز والمؤسسات,1243,الأردن
مركز الضليل,أماكن صديقة,,المراكز والمؤسسات,1244,الأردن
مركز الوسطية,أماكن صديقة,,المراكز والمؤسسات,1245,الأردن
مركز الإيمان,أماكن صديقة,,المراكز والمؤسسات,1246,الأردن
مركز مخيم الزرقاء,أماكن صديقة,,المراكز والمؤسسات,1247,الأردن
مركز الدبايبة,أماكن صديقة,,المراكز والمؤسسات,1248,الأردن
مركز الكرك,أماكن صديقة,,المراكز والمؤسسات,1249,الأردن
مركز الرجيب,أماكن صديقة,,المراكز والمؤسسات,1250,الأردن
مركز الحياة,أماكن صديقة,,المراكز والمؤسسات,1251,الأردن
جمعية بيت الكل الخيرية,أماكن صديقة,,المراكز والمؤسسات,1252,الأردن
مركز تنمية المجتمع المحلي الطرة,أماكن صديقة,,المراكز والمؤسسات,1253,الأردن
مركز تنمية المجتمع المحلي أم نوارة,أماكن صديقة,,المراكز والمؤسسات,1254,الأردن
مركز تنمية مجتمع محلي عنجرة,أماكن صديقة,,المراكز والمؤسسات,1255,الأردن
مركز ضرار,أماكن صديقة,,المراكز والمؤسسات,1256,الأردن
مركز تنمية المجتمع المحلي بيت راس,أماكن صديقة,,المراكز والمؤسسات,1257,الأردن
مركز تنمية المجتمع المحلي جديتا,أماكن صديقة,,المراكز والمؤسسات,1258,الأردن
مركز تنمية المجتمع المحلي النسيم,أماكن صديقة,,المراكز والمؤسسات,1259,الأردن
مركز تنمية المجتمع المحلي المريغة,أماكن صديقة,,المراكز والمؤسسات,1260,الأردن
مركز حمزة - الشوبك,أماكن صديقة,,المراكز والمؤسسات,1261,الأردن
مركز تنمية المجتمع المحلي أم صيحون,أماكن صديقة,,المراكز والمؤسسات,1262,الأردن
مركز تنمية المجتمع المحلي تل المنطح,أماكن صديقة,,المراكز والمؤسسات,1263,الأردن
مركز تنمية المجتمع المحلي العيص,أماكن صديقة,,المراكز والمؤسسات,1264,الأردن
جمعية جبل طارق,أماكن صديقة,,المراكز والمؤسسات,1265,الأردن
مركز تنمية المجتمع المحلي عين البيضا,أماكن صديقة,,المراكز والمؤسسات,1266,الأردن
مركز تنمية المجتمع المحلي قرى الحمايدة,أماكن صديقة,,المراكز والمؤسسات,1267,الأردن
مركز تنمية المجتمع المحلي الرويشد,أماكن صديقة,,المراكز والمؤسسات,1268,الأردن
المسعف الصغير,مبادرات مجتمعية وأنشطة,,المراكز والمؤسسات,1269,الأردن
سامعك للتدريب و التأهيل,مبادرات مجتمعية وأنشطة,,المراكز والمؤسسات,1270,الأردن
أنا أتعلم,مبادرات مجتمعية وأنشطة,,المراكز والمؤسسات,1271,الأردن
مشروع الطفل العربي لتنمية القدرات,أماكن صديقة,,المراكز والمؤسسات,1272,الأردن
الأردن المهيأ,مبادرات مجتمعية وأنشطة,,المراكز والمؤسسات,1273,الأردن
جمعية نور البركة,مبادرات مجتمعية وأنشطة,,المراكز والمؤسسات,1274,الأردن
ملتقى طيف التوحد,مبادرات مجتمعية وأنشطة,,المراكز والمؤسسات,1275,الأردن
مركز التحدي الأكبر للتربية الخاصة,إعاقات متعددة,جهة خاصة|معان,المراكز والمؤسسات,1276,الأردن
مركز التحدي الأكبر للتربية الخاصة,إعاقات متعددة,الكرك|جهة خاصة,المراكز والمؤسسات,1277,الأردن
المركز العلمي للتوحد والاضطرابات النمائية,إعاقات متعددة,جهة خاصة|عمان,المراكز والمؤسسات,1278,الأردن
نادي رياضي للأشخاص ذو الاحتياجات الخاصة - Super Power Gym,إعاقات متعددة,جهة خاصة|عمان,المراكز والمؤسسات,1279,الأردن
أكاديمية نبض للتعلم التفاعلي والتأهيل الشامل,إعاقات متعددة,جهة خاصة|عمان,المراكز والمؤسسات,1280,الأردن
Swim Jordan Center,إعاقات متعددة,جهة خاصة|عمان,المراكز والمؤسسات,1281,الأردن