Title,Directory Categories,Directory Tags,com
الجمعية الأردنية للتوحد,توحد,جهة تطوعية|عمان,المراكز والمؤسسات
الأكاديمية الملكية للمكفوفين,إعاقات بصرية,جهة حكومية|عمان,المراكز والمؤسسات
المركز السعودي لتأهيل وتدريب الكفيفات,إعاقات بصرية,جهة دولية|عمان,المراكز والمؤسسات
مركز نازك الحريري الخيري للتربية الخاصة,إعاقات متعددة,جهة خاصة|عمان,المراكز والمؤسسات
جمعية الضياء الخيرية لتربية وتعليم الأطفال المعوقين بصرياً,إعاقات بصرية,جهة تطوعية|عمان,المراكز والمؤسسات
جمعية الصداقة للمكفوفين,إعاقات بصرية,جهة تطوعية|عمان,المراكز والمؤسسات
جمعية الشهيد عمر المجالي للتبرع بالقرنيات,إعاقات بصرية,جهة تطوعية|عمان,المراكز والمؤسسات
جمعية باب الخير للعمل التطوعي,إعاقات متعددة,جهة تطوعية|عمان,المراكز والمؤسسات
الأكاديمية الأردنية للتوحد (فرع التأهيل المهني ),توحد,جهة خاصة|عمان,المراكز والمؤسسات
الأكاديمية الأردنية للتوحد (الفرع الرئيسي),توحد,جهة خاصة|عمان,المراكز والمؤسسات
المركز الأردني التخصصي للتوحد,توحد,جهة خاصة|عمان,المراكز والمؤسسات
شركة التواصل للتوحد,توحد,جهة خاصة|عمان,المراكز والمؤسسات
جمعية الحسين/مركز الأردن للتدريب والدمج الشامل,إعاقات حركية,جهة تطوعية|عمان,المراكز والمؤسسات
جمعية مؤسسة العناية بالشلل الدماغي,إعاقات حركية,جهة تطوعية|عمان,المراكز والمؤسسات
جمعية ابن سينا للشلل الدماغي,إعاقات حركية,جهة تطوعية|عمان,المراكز والمؤسسات
مركز الشميساني للعلاج الطبيعي,إعاقات حركية,جهة خاصة|عمان,المراكز والمؤسسات
جمعية رعاية الصم الخيرية,إعاقات سمعية,جهة تطوعية|عمان,المراكز والمؤسسات
مؤسسة الملكة علياء للسمع والنطق,إعاقات سمعية,جهة تطوعية|عمان,المراكز والمؤسسات
مركز سمعيات النصر,إعاقات سمعية,جهة حكومية|عمان,المراكز والمؤسسات
مركز الصم لتكنولوجيا المعلومات,إعاقات سمعية,جهة حكومية|عمان,المراكز والمؤسسات
جمعية الصم والبكم الخيرية,إعاقات سمعية,جهة تطوعية|عمان,المراكز والمؤسسات
روضة حكايات الطفولة,صعوبات تعلم,جهة خاصة|عمان,المراكز والمؤسسات
مركز جمعية الشابات المسلمات للتربية الخاصة,إعاقات ذهنية,جهة تطوعية|عمان,المراكز والمؤسسات
الجمعية الوطنية لذوي الاحتياجات الخاصة,إعاقات ذهنية,جهة خاصة|عمان,المراكز والمؤسسات
مركز الأمل للتربية الخاصة,إعاقات ذهنية,جهة تطوعية|عمان,المراكز والمؤسسات
مركز الرازي للتربية الخاصة,إعاقات ذهنية,جهة خاصة|عمان,المراكز والمؤسسات
مركز المنار للتنمية الفكرية / المقابلين,إعاقات ذهنية,جهة حكومية|عمان,المراكز والمؤسسات
المدرسة النموذجية للتربية الخاصة,إعاقات متعددة,جهة خاصة|عمان,المراكز والمؤسسات
حضانة وروضة ألوان للتعليم المبكر,إعاقات متعددة,جهة خاصة|عمان,المراكز والمؤسسات
جمعية الياسمين لأطفال الداون,متلازمة داون,جهة تطوعية|عمان,المراكز والمؤسسات
مركز عمان للتوحد,توحد,جهة خاصة|عمان,المراكز والمؤسسات
مركز عمر بن الخطاب للأطراف الإصطناعية والمقومات الطبية,إعاقات حركية,جهة خاصة|عمان,المراكز والمؤسسات
مركز وائل الترك للتجهيزات الطبية والسمعية,إعاقات سمعية,جهة خاصة|عمان,المراكز والمؤسسات
المركز العربي للتربية الخاصة,إعاقات ذهنية,جهة خاصة|عمان,المراكز والمؤسسات
الجمعية الأردنية للفنيل كيتون الخيرية,إعاقات ذهنية,جهة تطوعية|عمان,المراكز والمؤسسات
مركز التداوي لذوي الإعاقة,إعاقات متعددة,جهة خاصة|عمان,المراكز والمؤسسات
مركز الهدبان للتربية الخاصة,إعاقات متعددة,جهة خاصة|عمان,المراكز والمؤسسات
مركز أطلس الشرق للتوحد وتنمية القدرات,توحد,جهة خاصة|عمان,المراكز والمؤسسات
جمعية التكاتف للصم والأيتام الخيرية,إعاقات سمعية,جهة تطوعية|عمان,المراكز والمؤسسات
جمعية نعمل لأجلكم,إعاقات متعددة,جهة تطوعية|عمان,المراكز والمؤسسات
مركز الحاجة رفيقة لذوي الاحتياجات الخاصة النهاري الخيري للإعاقات الذهنية,إعاقات ذهنية,جهة تطوعية|عمان,المراكز والمؤسسات
جمعية الهبة للأيتام ذوي الاعاقة,إعاقات متعددة,جهة تطوعية|عمان,المراكز والمؤسسات
مركز رشا للتربية الخاصة,إعاقات متعددة,جهة خاصة|عمان,المراكز والمؤسسات
مركز جاك سركيس,إعاقات متعددة,جهة خاصة|عمان,المراكز والمؤسسات
مدرسة المسار لخدمات تطور الطفل,إعاقات ذهنية,جهة خاصة|عمان,المراكز والمؤسسات
مركز السند للتدريب,إعاقات متعددة,جهة خاصة|عمان,المراكز والمؤسسات
مركز أوكسجين للرعاية والتأهيل,إعاقات ذهنية,جهة خاصة|عمان,المراكز والمؤسسات
جمعية بيت المقدس الخيرية,إعاقات ذهنية,جهة تطوعية|عمان,المراكز والمؤسسات
مركز دنيا الطفل لذوي الاحتياجات الخاصة,إعاقات ذهنية,جهة خاصة|عمان,المراكز والمؤسسات
مركز المدار الدولي للتربية الخاصة,إعاقات ذهنية,جهة خاصة|عمان,المراكز والمؤسسات
معهد الشرق الأوسط للتربية الخاصة,إعاقات ذهنية,جهة خاصة|عمان,المراكز والمؤسسات
مؤسسة إدراك للتربية الخاصة,إعاقات ذهنية,جهة خاصة|عمان,المراكز والمؤسسات
جمعية أجواء الأردن الخيرية,إعاقات ذهنية,جهة تطوعية|عمان,المراكز والمؤسسات
مركز القرية العربية لذوي التحديات الخاصة,إعاقات ذهنية,جهة خاصة|عمان,المراكز والمؤسسات
معهد التصحيح الزائد للتربية الخاصة,إعاقات ذهنية,جهة خاصة|عمان,المراكز والمؤسسات
مركز المنار للتنمية الفكرية / سحاب,إعاقات ذهنية,جهة حكومية|عمان,المراكز والمؤسسات
مركز التحدي للتربية الخاصة,إعاقات ذهنية,جهة خاصة|عمان,المراكز والمؤسسات
مركز السوسنة للتربية الخاصة,إعاقات ذهنية,جهة خاصة|عمان,المراكز والمؤسسات
مركز شمس الأردن للتربية الخاصة,إعاقات ذهنية,جهة خاصة|عمان,المراكز والمؤسسات
المركز الدولي للتدخل السلوكي,إعاقات ذهنية|توحد,جهة خاصة|عمان,المراكز والمؤسسات
مركز إصرار للتربية الخاصة,إعاقات متعددة,جهة خاصة|عمان,المراكز والمؤسسات
الأكاديمية الأردنية للرعاية الشاملة,إعاقات ذهنية,جهة خاصة|عمان,المراكز والمؤسسات
مركز بدوة للتربية الخاصة,إعاقات ذهنية,جهة تطوعية|عمان,المراكز والمؤسسات
أكاديمية العصام للتربية الخاصة,إعاقات متعددة,جهة خاصة|عمان,المراكز والمؤسسات
المدرسة العربية للتربية الخاصة,إعاقات متعددة,جهة خاصة|عمان,المراكز والمؤسسات
جمعية أهالي وأصدقاء الأشخاص المعوقين,إعاقات متعددة,جهة تطوعية|عمان,المراكز والمؤسسات
مركز العناية والرعاية للتربية الخاصة,إعاقات متعددة,جهة خاصة|عمان,المراكز والمؤسسات
جمعية شرق عمان الخيرية,إعاقات حركية,جهة خاصة|عمان,المراكز والمؤسسات
مركز التأهيل المجتمعي للمعاقين/ الوحدات,إعاقات متعددة,جهة دولية|عمان,المراكز والمؤسسات
مركز التأهيل المجتمعي للمعاقين/ مخيم الطالبية,إعاقات متعددة,جهة دولية|عمان,المراكز والمؤسسات
جمعية تدريب وتأهيل الفتيات المعاقات الخيرية,إعاقات متعددة,جهة تطوعية|عمان,المراكز والمؤسسات
مركز النورس للنطق واللغة,إعاقات متعددة,جهة خاصة|عمان,المراكز والمؤسسات
الجمعية الأردنية للعلاج الوظيفي,إعاقات متعددة,جهة تطوعية|عمان,المراكز والمؤسسات
جمعية شمس الأمل لرعاية الأشخاص ذوي الإعاقة,إعاقات متعددة,جهة تطوعية|عمان,المراكز والمؤسسات
جمعية البادية الوسطى لذوي الإحتياجات الخاصة,إعاقات متعددة,جهة تطوعية|عمان,المراكز والمؤسسات
جمعية الجنوب للتربية الخاصة,إعاقات متعددة,جهة تطوعية|معان,المراكز والمؤسسات
الهيئة الهاشمية للمصابين العسكريين,إعاقات متعددة,جهة حكومية|عمان,المراكز والمؤسسات
جمعية أنا إنسان للأشخاص ذوي الإعاقة,إعاقات متعددة,جهة تطوعية|عمان,المراكز والمؤسسات
جمعية تنمية المرأة الأردنية للصم,إعاقات سمعية,جهة حكومية|عمان,المراكز والمؤسسات
جمعية الزهراء الخيرية لرعاية الطفولة,إعاقات متعددة,جهة خاصة|عمان,المراكز والمؤسسات
جمعية الحياة لرعاية وتأهيل المعوقين الخيرية,إعاقات متعددة,جهة تطوعية|عمان,المراكز والمؤسسات
جمعية أبو علندا للتنمية الاجتماعية,إعاقات متعددة,جهة تطوعية|عمان,المراكز والمؤسسات
جمعية بناة الوطن لرعاية وتأهيل المعوقين,إعاقات متعددة,جهة حكومية|عمان,المراكز والمؤسسات
مركز الخزامى,إعاقات متعددة,جهة خاصة|عمان,المراكز والمؤسسات
شركة البراءة للتجهيزات الطبية,إعاقات متعددة,جهة خاصة|عمان,المراكز والمؤسسات
الأكاديمية الوطنية للتربية الخاصة,إعاقات متعددة,جهة خاصة|عمان,المراكز والمؤسسات
مركز التعليم للجميع لتنمية وتطوير قدرات الطفل,إعاقات متعددة,جهة خاصة|عمان,المراكز والمؤسسات
مركز آل مكتوم للعناية بالشلل الدماغي,إعاقات حركية,الزرقاء|جهة خاصة,المراكز والمؤسسات
مركز الترك لتقويم النطق واللغة,إعاقات سمعية,الزرقاء|جهة خاصة,المراكز والمؤسسات
مركز سما للتجهيزات الطبية والسمعية,إعاقات متعددة,الزرقاء|جهة خاصة,المراكز والمؤسسات
مركز جمعية الزهراء الخيرية للتربية الخاصة,إعاقات ذهنية,الزرقاء|جهة تطوعية,المراكز والمؤسسات
جمعية الجبل للتربية الخاصة,إعاقات ذهنية,جهة تطوعية|عجلون,المراكز والمؤسسات
جمعية أصدقاء المجتمع للإعاقات الذهنية البسيطة والمتوسطة,إعاقات ذهنية,جهة تطوعية|عجلون,المراكز والمؤسسات
جمعية صلاح الدين لرعاية المعاقين والأيتام الخيرية,إعاقات متعددة,جهة تطوعية|عجلون,المراكز والمؤسسات
جمعية عجلون الخيرية لشؤون الأشخاص ذوي الإعاقة,إعاقات متعددة,جهة تطوعية|عجلون,المراكز والمؤسسات
جمعية حليمة السعدية لرعاية الأيتام الخيرية,صعوبات تعلم,المفرق|جهة تطوعية,المراكز والمؤسسات
جمعية صبحا لذوي الإحتياجات الخاصة,إعاقات ذهنية,المفرق|جهة تطوعية,المراكز والمؤسسات
جمعية بلعما للتربية الخاصة,إعاقات ذهنية,المفرق|جهة تطوعية,المراكز والمؤسسات
جمعية رحاب لذوي الإحتياجات الخاصة,إعاقات ذهنية,المفرق|جهة تطوعية,المراكز والمؤسسات
جمعية أهالي الرويشد للعناية بالأشخاص المعوقين,إعاقات ذهنية,المفرق|جهة تطوعية,المراكز والمؤسسات
جمعية تل الرماح للتنمية الاجتماعية,إعاقات حركية,المفرق|جهة تطوعية,المراكز والمؤسسات
مركز الرواء للتربية الخاصة,إعاقات ذهنية,المفرق|جهة خاصة,المراكز والمؤسسات
جمعية الخالدية للتربية الخاصة,إعاقات متعددة,المفرق|جهة تطوعية,المراكز والمؤسسات
جمعية رعاية الطفل الخيرية,إعاقات متعددة,المفرق|جهة تطوعية,المراكز والمؤسسات
جمعية الخربة السمراء للإحتياجات الخاصة الخيرية,إعاقات متعددة,المفرق|جهة تطوعية,المراكز والمؤسسات
المركز الإستشاري التطبيقي للتربية الخاصة,إعاقات ذهنية,الزرقاء|جهة خاصة,المراكز والمؤسسات
جمعية عقربا الخيرية التنموية / مركز النشاط النهاري للمعاقين الكبار,إعاقات ذهنية,الزرقاء|جهة تطوعية,المراكز والمؤسسات
مركز الضليل للرعاية والتأهيل,إعاقات ذهنية,الزرقاء|جهة حكومية,المراكز والمؤسسات
شركة العطاء الشامل,إعاقات ذهنية,الزرقاء|جهة خاصة,المراكز والمؤسسات
جمعية السيدات العاملات,إعاقات حركية,الزرقاء|جهة تطوعية,المراكز والمؤسسات
مركز جمعية عثمان بن عفان للتربية الخاصة,إعاقات ذهنية,الزرقاء|جهة تطوعية,المراكز والمؤسسات
مركز مراد الأمل للتربية الخاصة,إعاقات متعددة,الزرقاء|جهة خاصة,المراكز والمؤسسات
مركز رؤيا للتربية الخاصة,إعاقات متعددة,الزرقاء|جهة خاصة,المراكز والمؤسسات
جمعية خطوتنا,إعاقات متعددة,الزرقاء|جهة تطوعية,المراكز والمؤسسات
مركز التأهيل المبني على المجتمع المحلي,إعاقات متعددة,الزرقاء|جهة دولية,المراكز والمؤسسات
جمعية سيدات الضليل للتربية الخاصة,إعاقات ذهنية,الزرقاء|جهة تطوعية,المراكز والمؤسسات
مركز حطين للكشف المبكر عن الإعاقات والتأهيل المجتمعي,إعاقات متعددة,الزرقاء|جهة حكومية,المراكز والمؤسسات
مركز الأمل الجديد لرعاية متعددي الإعاقات,إعاقات متعددة,الزرقاء|جهة حكومية,المراكز والمؤسسات
جمعية زارعي البسمة الخيرية,إعاقات متعددة,الزرقاء|جهة تطوعية,المراكز والمؤسسات
مركز التأهيل والتشغيل المهني,إعاقات متعددة,الزرقاء|جهة حكومية,المراكز والمؤسسات
جمعية سعد بن معاذ الخيرية لذوي الإحتياجات الخاصة,إعاقات متعددة,الزرقاء|جهة تطوعية,المراكز والمؤسسات
جمعية الرؤى للمكفوفين/دير علا,إعاقات بصرية,البلقاء|جهة تطوعية,المراكز والمؤسسات
مؤسسة الأراضي المقدسة للصم,إعاقات سمعية,البلقاء|جهة تطوعية,المراكز والمؤسسات
جمعية الروضة للتنمية الإجتماعية,إعاقات سمعية,البلقاء|جهة تطوعية,المراكز والمؤسسات
جمعية السلط الخيرية الإسلامية,إعاقات سمعية,البلقاء|جهة تطوعية,المراكز والمؤسسات
مركز الأميرة عالية بنت الحسين للتربية الخاصة,إعاقات ذهنية,البلقاء|جهة تطوعية,المراكز والمؤسسات
مركز الأمل للتربية الخاصة,إعاقات ذهنية,البلقاء|جهة تطوعية,المراكز والمؤسسات
جمعية البلاونة الخيرية,إعاقات متعددة,البلقاء|جهة تطوعية,المراكز والمؤسسات
"مركز الجوفة المجتمعي للتأهيل ""بيت سليم """,إعاقات متعددة,البلقاء|جهة تطوعية,المراكز والمؤسسات
جمعية السلط لرعاية وتأهيل ذوي الإعاقات الخيرية,إعاقات متعددة,البلقاء|جهة تطوعية,المراكز والمؤسسات
جمعية الوفاق الخيرية,إعاقات سمعية,جهة تطوعية|مأدبا,المراكز والمؤسسات
جمعية عبد الرحمن بن عوف الخيرية,إعاقات سمعية,جهة تطوعية|مأدبا,المراكز والمؤسسات
مركز الأمل للتربية الخاصة,إعاقات ذهنية,جهة تطوعية|مأدبا,المراكز والمؤسسات
بيت اللقاء لذوي الإحتياجات الخاصة,إعاقات متعددة,جهة تطوعية|جهة خاصة|مأدبا,المراكز والمؤسسات
جمعية معاذ بن جبل الخيرية للمكفوفين,إعاقات بصرية,إربد|جهة تطوعية,المراكز والمؤسسات
"جمعية العائلة البيضاء ""الألبينو"" الخيرية",إعاقات بصرية,إربد|جهة تطوعية,المراكز والمؤسسات
مركز إربد للشلل الدماغي,إعاقات حركية,إربد|جهة تطوعية,المراكز والمؤسسات
جمعية النهضة للتحديات الحركية,إعاقات حركية,إربد|جهة تطوعية,المراكز والمؤسسات
جمعية جديتا الخيرية,إعاقات متعددة,إربد|جهة تطوعية,المراكز والمؤسسات
جمعية ملكا الخيرية,إعاقات سمعية,إربد|جهة تطوعية,المراكز والمؤسسات
مركز صوت الحياة للسمع والنطق,إعاقات سمعية,إربد|جهة خاصة,المراكز والمؤسسات
الجمعية الأردنية للسمع والنطق,إعاقات متعددة,إربد|جهة تطوعية,المراكز والمؤسسات
مركز العناية بالسمع والنطق,إعاقات سمعية,إربد|جهة تطوعية,المراكز والمؤسسات
مركز المنار للتنمية الفكرية/ إربد,إعاقات ذهنية,إربد|جهة حكومية,المراكز والمؤسسات
جمعية أبي الدرداء للتربية الخاصة,إعاقات ذهنية,إربد|جهة تطوعية,المراكز والمؤسسات
جمعية المشارع الخيرية,إعاقات ذهنية,إربد|جهة تطوعية,المراكز والمؤسسات
جمعية أبي عبيدة الخيرية,إعاقات ذهنية,إربد|جهة تطوعية,المراكز والمؤسسات
جمعية الطيبة الخيرية,إعاقات ذهنية,إربد|جهة تطوعية,المراكز والمؤسسات
جمعية ارحابا الخيرية,إعاقات ذهنية,إربد|جهة تطوعية,المراكز والمؤسسات
الجمعية الخيرية للعمل الإجتماعي,إعاقات ذهنية,إربد|جهة تطوعية,المراكز والمؤسسات
جمعية دير يوسف الخيرية,إعاقات ذهنية,إربد|جهة تطوعية,المراكز والمؤسسات
جمعية اليرموك /لواء بني كنانة,إعاقات متعددة,إربد|جهة تطوعية,المراكز والمؤسسات
جمعية كفر عوان الخيرية,إعاقات متعددة,إربد|جهة تطوعية,المراكز والمؤسسات
مركز التأهيل المجتمعي للمعاقين,إعاقات متعددة,إربد|جهة دولية,المراكز والمؤسسات
جمعية سمر الخيرية,إعاقات ذهنية,إربد|جهة تطوعية,المراكز والمؤسسات
جمعية المنشية لذوي الإحتياجات الخاصة,إعاقات متعددة,إربد|جهة تطوعية,المراكز والمؤسسات
جمعية الشفاء لرعاية المعوقين,إعاقات متعددة,إربد|جهة تطوعية,المراكز والمؤسسات
مركز البقاعي للرعاية والتأهيل الشامل,إعاقات متعددة,إربد|جهة خاصة,المراكز والمؤسسات
جمعية علعال الخيرية,إعاقات متعددة,إربد|جهة تطوعية,المراكز والمؤسسات
أكاديمية الشمال للتدريب والتأهيل,إعاقات متعددة,إربد|جهة خاصة,المراكز والمؤسسات
جمعية أصحاب الهمم للمعوقين,إعاقات متعددة,إربد|جهة تطوعية,المراكز والمؤسسات
الجمعية الهاشمية لرعاية وتأهيل المعاقين,إعاقات متعددة,إربد|جهة تطوعية,المراكز والمؤسسات
مركز الكورة الشامل للتربية الخاصة,إعاقات متعددة,إربد|جهة حكومية,المراكز والمؤسسات
جمعية الراجف للتربية الخاصة,إعاقات متعددة,جهة تطوعية|معان,المراكز والمؤسسات
جمعية الحسينية لرعاية وتأهيل المعاقين,إعاقات متعددة,جهة تطوعية|معان,المراكز والمؤسسات
جمعية الشوبك لرعاية الأيتام وذوي الإحتياجات الخاصة الخيرية,إعاقات متعددة,جهة تطوعية|معان,المراكز والمؤسسات
جمعية الشراه الجنوبية للتربية الخاصة,إعاقات متعددة,جهة تطوعية|معان,المراكز والمؤسسات
جمعية البتراء للتربية الخاصة,إعاقات متعددة,جهة تطوعية|معان,المراكز والمؤسسات
جمعية الكرك لرعاية ذوي الإعاقات الحركية,إعاقات حركية,الكرك|جهة تطوعية,المراكز والمؤسسات
مركز الكرك للشلل الدماغي,إعاقات حركية,الكرك|جهة تطوعية,المراكز والمؤسسات
جمعية سيدات غور الصافي للتنمية الإجتماعية,إعاقات ذهنية,الكرك|جهة تطوعية,المراكز والمؤسسات
مركز مؤاب لذوي الإحتياجات الخاصة,إعاقات ذهنية,الكرك|جهة تطوعية,المراكز والمؤسسات
جمعية غور الصافي للتنمية الإجتماعية,إعاقات ذهنية,الكرك|جهة تطوعية,المراكز والمؤسسات
مركز القطرانة للتربية الخاصة,إعاقات ذهنية,الكرك|جهة حكومية,المراكز والمؤسسات
مركز الكرك للرعاية والتأهيل,إعاقات ذهنية,الكرك|جهة حكومية,المراكز والمؤسسات
جمعية المدينة المنورة لرعاية ذوي الإحتياجات الخاصة وأسرهم الخيرية,إعاقات متعددة,الكرك|جهة تطوعية,المراكز والمؤسسات
جمعية نغم الحياة الخيرية,إعاقات متعددة,الكرك|جهة تطوعية,المراكز والمؤسسات
جمعية الشهيد عمر المجالي للتبرع بالقرنيات والأعضاء,إعاقات بصرية,الكرك|جهة تطوعية,المراكز والمؤسسات
جمعية السرى لحقوق الأشخاص ذوي الإعاقة,إعاقات متعددة,الكرك|جهة تطوعية,المراكز والمؤسسات
جمعية اللورنس لذوي الإعاقة,إعاقات متعددة,الكرك|جهة تطوعية,المراكز والمؤسسات
مركز الجود للتربية الخاصة,إعاقات متعددة,الكرك|جهة خاصة,المراكز والمؤسسات
مدرسة عبد الرحمن بن عوف للتربية الخاصة,إعاقات سمعية,الطفيلة|جهة حكومية,المراكز والمؤسسات
جمعية بصيرا الخيرية,إعاقات متعددة,الطفيلة|جهة تطوعية,المراكز والمؤسسات
جمعية مؤسسة العناية بالشلل الدماغي,إعاقات حركية,العقبة|جهة تطوعية,المراكز والمؤسسات
جمعية الثغر لرعاية المعوقين,إعاقات ذهنية,العقبة|جهة تطوعية,المراكز والمؤسسات
مركز المنار للتنمية الفكرية / العقبة,إعاقات ذهنية,العقبة|جهة حكومية,المراكز والمؤسسات
جمعية البادية الجنوبية للتربية الخاصة,إعاقات متعددة,العقبة|جهة تطوعية,المراكز والمؤسسات
جمعية أجيال الخيرية,إعاقات متعددة,العقبة|جهة تطوعية,المراكز والمؤسسات
مركز سيدة السلام لذوي الإحتياجات الخاصة,إعاقات متعددة,العقبة|جهة تطوعية,المراكز والمؤسسات
جمعية أم القطين لذوي الإحتياجات الخاصة,إعاقات متعددة,المفرق|جهة تطوعية,المراكز والمؤسسات
مركز نور الحياة للتربية الخاصة,إعاقات ذهنية,جرش|جهة خاصة,المراكز والمؤسسات
مركز التأهيل المجتمعي للأشخاص ذوي الإعاقة,إعاقات متعددة,جرش|جهة دولية,المراكز والمؤسسات
جمعية قفقفا للتنمية الاجتماعية,إعاقات متعددة,جرش|جهة تطوعية,المراكز والمؤسسات
جمعية جرش لرعاية ذوي الإحتياجات الخاصة,إعاقات متعددة,جرش|جهة تطوعية,المراكز والمؤسسات
جمعية أم الزيتون الخيرية,إعاقات متعددة,جرش|جهة تطوعية,المراكز والمؤسسات
جمعية الأمل الخيرية /جرش,إعاقات متعددة,جرش|جهة تطوعية,المراكز والمؤسسات
مركز المنار للتنمية الفكرية /أذرح,إعاقات ذهنية,جهة حكومية|معان,المراكز والمؤسسات
جمعية مهارات لرعاية وتأهيل ذوي الإعاقة,إعاقات متعددة,جهة تطوعية|معان,المراكز والمؤسسات
جمعية الطيبة الجنوبية لذوي الإحتياجات الخاصة /البتراء,إعاقات متعددة,جهة تطوعية|معان,المراكز والمؤسسات
جمعية الجنوب للتربية الخاصة,إعاقات متعددة,جهة تطوعية|معان,المراكز والمؤسسات
مدرسة الأمل الثانوية المختلطة للصم,إعاقات سمعية,جهة حكومية|عمان,المراكز والمؤسسات
مركز المنار للتنمية الفكرية /عجلون,إعاقات ذهنية,جهة حكومية|عجلون,المراكز والمؤسسات
مركز المنار للتنمية الفكرية / المفرق,إعاقات ذهنية,المفرق|جهة حكومية,المراكز والمؤسسات
المركز الإستشاري للتوحد,توحد,جهة خاصة|عمان,المراكز والمؤسسات
جمعية الصداقة الأردنية الخيرية لذوي الإحتياجات الخاصة,إعاقات حركية,جهة تطوعية|عمان,المراكز والمؤسسات
أكاديمية التميز الشامل,إعاقات ذهنية,جهة تطوعية|عمان,المراكز والمؤسسات
أكاديمية طوبى للتربية الخاصة وتنمية القدرات,إعاقات ذهنية,جهة خاصة|عمان,المراكز والمؤسسات
المدرسة النموذجية للشلل الدماغي,إعاقات حركية,جهة تطوعية|عمان,المراكز والمؤسسات
مركز أبو حطب للعلاج الطبيعي,إعاقات حركية,جهة خاصة|عمان,المراكز والمؤسسات
مركز الرجاء للتربية الخاصة,إعاقات ذهنية,جهة خاصة|عمان,المراكز والمؤسسات
مدارس دار الأرقم الإسلامية وعمان الدولية,صعوبات تعلم,جهة خاصة|عمان,المراكز والمؤسسات
مركز الزرقاء الشامل للتربية الخاصة,إعاقات متعددة,الزرقاء|جهة حكومية,المراكز والمؤسسات
مركز تنمية المجتمع المحلي,إعاقات حركية,إربد|جهة حكومية,المراكز والمؤسسات
جمعية كفرنجة الخيرية,إعاقات حركية,جهة تطوعية|عجلون,المراكز والمؤسسات
جمعية المنشية للتربية الخاصة,إعاقات ذهنية,المفرق|جهة تطوعية,المراكز والمؤسسات
مركز أصدقاء التوحد الخيري,توحد,العقبة|جهة تطوعية,المراكز والمؤسسات
شركة مركز إنجاز للتوحد,توحد,جهة خاصة|عمان,المراكز والمؤسسات
مدرسة المخلص الإنجيلية الأسقفية العربية,إعاقات بصرية,الزرقاء|جهة خاصة,المراكز والمؤسسات
المدرسة الإنجيلية الأسقفية العربية,إعاقات بصرية,إربد|جهة خاصة,المراكز والمؤسسات
جمعية جابر للتنمية الإجتماعية,إعاقات حركية,المفرق|جهة تطوعية,المراكز والمؤسسات
مركز روح الشرق للتطوير,إعاقات متعددة,جهة خاصة|عمان,المراكز والمؤسسات
جمعية الأمل للتربية الخاصة,إعاقات ذهنية,إربد|جهة تطوعية,المراكز والمؤسسات
مركز التأهيل والتشغيل المهني,إعاقات متعددة,إربد|جهة حكومية,المراكز والمؤسسات
مركز آية للتربية الخاصة,إعاقات متعددة,جهة خاصة|عمان,المراكز والمؤسسات
مركز العقبة الشامل للتربية الخاصة,إعاقات متعددة,العقبة|جهة حكومية,المراكز والمؤسسات
مدرسة الأمل الأساسية للصم,إعاقات سمعية,جهة حكومية|عمان,المراكز والمؤسسات
مركز لوفاس للتربية الخاصة,إعاقات متعددة,جهة خاصة|عمان,المراكز والمؤسسات
جمعية التصلب اللويحي المتعدد الخيرية,إعاقات حركية,جهة تطوعية|عمان,المراكز والمؤسسات
مركز CDR لذوي الاعاقة,إعاقات متعددة,جهة خاصة|عمان,المراكز والمؤسسات
جمعية السرحان للتربية الخاصة,إعاقات متعددة,المفرق|جهة تطوعية,المراكز والمؤسسات
جمعية التطوير المجتمعي للبادية الشمالية الخيرية,إعاقات متعددة,المفرق|جهة تطوعية,المراكز والمؤسسات
مركز لبنى للتربية الخاصة,إعاقات متعددة,جهة خاصة|عمان,المراكز والمؤسسات
أكاديمية سوا للتربية الخاصة,إعاقات متعددة,جهة خاصة|عمان,المراكز والمؤسسات
مركز الأطفال المبتسمين لذوي الإحتياجات الخاصة,إعاقات متعددة,جهة خاصة|عمان,المراكز والمؤسسات
جمعية سنا لدعم ذوي الإحتياجات الخاصة,إعاقات ذهنية,جهة تطوعية|عمان,المراكز والمؤسسات
مدرسة الفنار الأساسية الخاصة,إعاقات متعددة,الزرقاء|جهة خاصة,المراكز والمؤسسات
مركز الأمل للتربية الخاصة,إعاقات ذهنية,إربد|جهة تطوعية,المراكز والمؤسسات
مركز الأمل للتربية الخاصة,إعاقات ذهنية,المفرق|جهة تطوعية,المراكز والمؤسسات
مركز المنار للتنمية الفكرية / المدينة الرياضية,إعاقات ذهنية,جهة حكومية|عمان,المراكز والمؤسسات
مركز جمعية قضاء عرجان للتربية الخاصة,إعاقات متعددة,جهة تطوعية|عجلون,المراكز والمؤسسات
جمعية رعاية المعوقين,إعاقات ذهنية,الكرك|جهة تطوعية,المراكز والمؤسسات
مدرسة الرجاء لتعليم المعاقين سمعياً,إعاقات سمعية,الزرقاء|جهة خاصة,المراكز والمؤسسات
مركز المنار للتنمية الفكرية / زي,إعاقات متعددة,البلقاء|جهة حكومية,المراكز والمؤسسات
مجموعة جبل عمان للدعم الأسري,مجموعات دعم أسري,,المراكز والمؤسسات
مجموعة طبربور - جبل الحسين للدعم الأسري,مجموعات دعم أسري,,المراكز والمؤسسات
مجموعة الوحدات للدعم الأسري,مجموعات دعم أسري,,المراكز والمؤسسات
مجموعة الفحيص للدعم الأسري,مجموعات دعم أسري,,المراكز والمؤسسات
مجموعة القويسمة للدعم الأسري,مجموعات دعم أسري,,المراكز والمؤسسات
مجموعة البنيات للدعم الأسري,مجموعات دعم أسري,,المراكز والمؤسسات
مجموعة جبل النظيف للدعم الأسري,مجموعات دعم أسري,,المراكز والمؤسسات
مجموعة السلط للدعم الأسري,مجموعات دعم أسري,,المراكز والمؤسسات
مجموعة إربد للدعم الأسري,مجموعات دعم أسري,,المراكز والمؤسسات
مجموعة الزرقاء للدعم الأسري,مجموعات دعم أسري,,المراكز والمؤسسات
مجموعة المفرق للدعم الأسري,مجموعات دعم أسري,,المراكز والمؤسسات
مجموعة عين الباشا للدعم الأسري,مجموعات دعم أسري,,المراكز والمؤسسات
مجموعة مأدبا للدعم الأسري,مجموعات دعم أسري,,المراكز والمؤسسات
مجموعة جرش للدعم الأسري,مجموعات دعم أسري,,المراكز والمؤسسات
مجموعة الكرك للدعم الأسري,مجموعات دعم أسري,,المراكز والمؤسسات
مركز عزمي المفتي,أماكن صديقة,,المراكز والمؤسسات
مركز العابورة,أماكن صديقة,,المراكز والمؤسسات
مركز عز الدين القسام,أماكن صديقة,,المراكز والمؤسسات
مركز الجوفة,أماكن صديقة,,المراكز والمؤسسات
مركز النور,أماكن صديقة,,المراكز والمؤسسات
مبادرة متلازمة داون معنا، حياتنا لها معنى,مبادرات مجتمعية وأنشطة,,المراكز والمؤسسات
نشاطات صديق,مبادرات مجتمعية وأنشطة,,المراكز والمؤسسات
آدم ومشمش,مبادرات مجتمعية وأنشطة,,المراكز والمؤسسات
مبادرة بهجة,مبادرات مجتمعية وأنشطة,,المراكز والمؤسسات
نايا للتدريب والتنمية المجتمعية,مبادرات مجتمعية وأنشطة,,المراكز والمؤسسات
مركز أيتام المقابلين,أماكن صديقة,,المراكز والمؤسسات
مركز أيتام المزار الجنوبي,أماكن صديقة,,المراكز والمؤسسات
مركز صويلح,أماكن صديقة,,المراكز والمؤسسات
مركز مخيم اربد,أماكن صديقة,,المراكز والمؤسسات
مركز النظيف لرعاية الأسر الفقيرة,أماكن صديقة,,المراكز والمؤسسات
مركز الوحدات,أماكن صديقة,,المراكز والمؤسسات
مركز أيتام الرصيفة,أماكن صديقة,,المراكز والمؤسسات
مركز أيتام البقعة,أماكن صديقة,,المراكز والمؤسسات
مركز أيتام مخيم حطين,أماكن صديقة,,المراكز والمؤسسات
مركز مخيم سوف,أماكن صديقة,,المراكز والمؤسسات
مركز غور المزرعة,أماكن صديقة,,المراكز والمؤسسات
مركز الغور الصافي,أماكن صديقة,,المراكز والمؤسسات
مركز أبو هريرة,أماكن صديقة,,المراكز والمؤسسات
مركز الكورة,أماكن صديقة,,المراكز والمؤسسات
مركز المفرق,أماكن صديقة,,المراكز والمؤسسات
مركز فرع الزرقاء,أماكن صديقة,,المراكز والمؤسسات
مركز أيتام مخيم مادبا,أماكن صديقة,,المراكز والمؤسسات
مركز أيتام مخيم غزة,أماكن صديقة,,المراكز والمؤسسات
مركز أيتام البيادر,أماكن صديقة,,المراكز والمؤسسات
مركز أيتام مخيم الطالبية,أماكن صديقة,,المراكز والمؤسسات
مركز الضليل,أماكن صديقة,,المراكز والمؤسسات
مركز الوسطية,أماكن صديقة,,المراكز والمؤسسات
مركز الإيمان,أماكن صديقة,,المراكز والمؤسسات
مركز مخيم الزرقاء,أماكن صديقة,,المراكز والمؤسسات
مركز الدبايبة,أماكن صديقة,,المراكز والمؤسسات
مركز الكرك,أماكن صديقة,,المراكز والمؤسسات
مركز الرجيب,أماكن صديقة,,المراكز والمؤسسات
مركز الحياة,أماكن صديقة,,المراكز والمؤسسات
جمعية بيت الكل الخيرية,أماكن صديقة,,المراكز والمؤسسات
مركز تنمية المجتمع المحلي الطرة,أماكن صديقة,,المراكز والمؤسسات
مركز تنمية المجتمع المحلي أم نوارة,أماكن صديقة,,المراكز والمؤسسات
مركز تنمية مجتمع محلي عنجرة,أماكن صديقة,,المراكز والمؤسسات
مركز ضرار,أماكن صديقة,,المراكز والمؤسسات
مركز تنمية المجتمع المحلي بيت راس,أماكن صديقة,,المراكز والمؤسسات
مركز تنمية المجتمع المحلي جديتا,أماكن صديقة,,المراكز والمؤسسات
مركز تنمية المجتمع المحلي النسيم,أماكن صديقة,,المراكز والمؤسسات
مركز تنمية المجتمع المحلي المريغة,أماكن صديقة,,المراكز والمؤسسات
مركز حمزة - الشوبك,أماكن صديقة,,المراكز والمؤسسات
مركز تنمية المجتمع المحلي أم صيحون,أماكن صديقة,,المراكز والمؤسسات
مركز تنمية المجتمع المحلي تل المنطح,أماكن صديقة,,المراكز والمؤسسات
مركز تنمية المجتمع المحلي العيص,أماكن صديقة,,المراكز والمؤسسات
جمعية جبل طارق,أماكن صديقة,,المراكز والمؤسسات
مركز تنمية المجتمع المحلي عين البيضا,أماكن صديقة,,المراكز والمؤسسات
مركز تنمية المجتمع المحلي قرى الحمايدة,أماكن صديقة,,المراكز والمؤسسات
مركز تنمية المجتمع المحلي الرويشد,أماكن صديقة,,المراكز والمؤسسات
المسعف الصغير,مبادرات مجتمعية وأنشطة,,المراكز والمؤسسات
سامعك للتدريب و التأهيل,مبادرات مجتمعية وأنشطة,,المراكز والمؤسسات
أنا أتعلم,مبادرات مجتمعية وأنشطة,,المراكز والمؤسسات
مشروع الطفل العربي لتنمية القدرات,أماكن صديقة,,المراكز والمؤسسات
الأردن المهيأ,مبادرات مجتمعية وأنشطة,,المراكز والمؤسسات
جمعية نور البركة,مبادرات مجتمعية وأنشطة,,المراكز والمؤسسات
ملتقى طيف التوحد,مبادرات مجتمعية وأنشطة,,المراكز والمؤسسات
مركز التحدي الأكبر للتربية الخاصة,إعاقات متعددة,جهة خاصة|معان,المراكز والمؤسسات
مركز التحدي الأكبر للتربية الخاصة,إعاقات متعددة,الكرك|جهة خاصة,المراكز والمؤسسات
المركز العلمي للتوحد والاضطرابات النمائية,إعاقات متعددة,جهة خاصة|عمان,المراكز والمؤسسات
نادي رياضي للأشخاص ذو الاحتياجات الخاصة - Super Power Gym,إعاقات متعددة,جهة خاصة|عمان,المراكز والمؤسسات
أكاديمية نبض للتعلم التفاعلي والتأهيل الشامل,إعاقات متعددة,جهة خاصة|عمان,المراكز والمؤسسات
Swim Jordan Center,إعاقات متعددة,جهة خاصة|عمان,المراكز والمؤسسات