Title,Directory Categories,Directory Tags,uidd,com,country,alhatf_alxlwy,albryd_alilktrwny,alenwan
Swim Jordan Center,إعاقات متعددة,جهة خاصة;عمان,habdir1,المراكز والمؤسسات,الأردن,,swimjordan.jo@gmail.com,مجمع الملك حسين للأعمال - King Hussein Business Park
أكاديمية نبض للتعلم التفاعلي والتأهيل الشامل,إعاقات متعددة,جهة خاصة;عمان,habdir2,المراكز والمؤسسات,الأردن,962779410971,nabdacademy@gmail.com,عمان - شفا بدران - حي الكون - شارع الفاتح تقاطع زهير بن حرب
نادي رياضي للأشخاص ذو الاحتياجات الخاصة - Super Power Gym,إعاقات متعددة,جهة خاصة;عمان,habdir3,المراكز والمؤسسات,الأردن,962795454624,m.agh85@yahoo.com,عمان - الدوار السابع - منطقة الروابي - شارع إبراهيم القطان مبنى رقم 62
المركز العلمي للتوحد والاضطرابات النمائية,إعاقات متعددة,جهة خاصة;عمان,habdir4,المراكز والمؤسسات,الأردن,962795020770,info@scadd.jo,الدوار الثامن - ضاحية الأمير راشد - شارع الكون فيلا رقم 13
مركز التحدي الأكبر للتربية الخاصة,إعاقات متعددة,الكرك;جهة خاصة,habdir5,المراكز والمؤسسات,الأردن,962799499050,,الكرك _ بالقرب من مؤسسة الإقراض الزراعي
مركز التحدي الأكبر للتربية الخاصة,إعاقات متعددة,جهة خاصة;معان,habdir6,المراكز والمؤسسات,الأردن,962796084240,,معان _ وادي الأشغال 
ملتقى طيف التوحد,مبادرات مجتمعية وأنشطة,,habdir7,المراكز والمؤسسات,الأردن,962796084240,m.danno@hotmail.com,عمان
جمعية نور البركة,مبادرات مجتمعية وأنشطة,,habdir8,المراكز والمؤسسات,الأردن,962786030145,nouralbarakah@gmail.com,عمان
الأردن المهيأ,مبادرات مجتمعية وأنشطة,,habdir9,المراكز والمؤسسات,الأردن,962797313346,info@accessiblejordan.com,محافظات المملكة الأردنية الهاشمية 
مشروع الطفل العربي لتنمية القدرات,أماكن صديقة,,habdir10,المراكز والمؤسسات,الأردن,962795369369,,جرش - مخيم غزة
أنا أتعلم,مبادرات مجتمعية وأنشطة,,habdir11,المراكز والمؤسسات,الأردن,962789727016,info@ilearnjo.com,جرش
سامعك للتدريب و التأهيل,مبادرات مجتمعية وأنشطة,,habdir12,المراكز والمؤسسات,الأردن,962797707421,info@samaak.org,عمان
المسعف الصغير,مبادرات مجتمعية وأنشطة,,habdir13,المراكز والمؤسسات,الأردن,962790414548,Littleparamedic.jo@gmail.com,جرش بشكل أساسي و باقي المحافظات حسب الطلب 
مركز تنمية المجتمع المحلي الرويشد,أماكن صديقة,,habdir14,المراكز والمؤسسات,الأردن,962798797826,tahapk@yahoo.com,الرويشيد _ مقابل محطة محروقات الرويشد _ بجانب المؤسسة الإستهلاكية المدنية 
مركز تنمية المجتمع المحلي قرى الحمايدة,أماكن صديقة,,habdir15,المراكز والمؤسسات,الأردن,962779575143,,فقوع	 _ منطقة الحنو _ قرب مسجد الخلفاء الراشدين 
مركز تنمية المجتمع المحلي عين البيضا,أماكن صديقة,,habdir16,المراكز والمؤسسات,الأردن,962791890409,Makaniproject@yahoo.com, الطفيلة _ عين البيضا _ الشارع الرئيسي 
جمعية جبل طارق,أماكن صديقة,,habdir17,المراكز والمؤسسات,الأردن,962772468044,malkawi_yahya@yahoo.com,الزرقاء _ جبل طارق _ شارع سليمان الشقيرات 
مركز تنمية المجتمع المحلي العيص,أماكن صديقة,,habdir18,المراكز والمؤسسات,الأردن,962789584052,,الطفيلة _ العيص _ شارع البلدية 
مركز تنمية المجتمع المحلي تل المنطح,أماكن صديقة,,habdir19,المراكز والمؤسسات,الأردن,962772084203,,دير علا _ طوال الجنوبي 
مركز تنمية المجتمع المحلي أم صيحون,أماكن صديقة,,habdir20,المراكز والمؤسسات,الأردن,962779305002,Sabahhashem20@gmail.com,البتراء _ أم صيحون _ الشارع الرئيسي 
مركز حمزة - الشوبك,أماكن صديقة,,habdir21,المراكز والمؤسسات,الأردن,962777428922,,الشوبك _ مقابل ديوان عشيرة الهباهبة 
مركز تنمية المجتمع المحلي المريغة,أماكن صديقة,,habdir22,المراكز والمؤسسات,الأردن,962777286062,K.darawsheh@yahoo.com, معان _ المريغة _ مقابل بلديه الشراه 
مركز تنمية المجتمع المحلي النسيم,أماكن صديقة,,habdir23,المراكز والمؤسسات,الأردن,962779909092,, جرش، طريق اربد _عمان، منطقة كفر خل، مقابل سجن قفقفة 
مركز تنمية المجتمع المحلي جديتا,أماكن صديقة,,habdir24,المراكز والمؤسسات,الأردن,962778490963,juditacomunitycenter@gmail.com,اربد _ لواء الكورة _ جديتا 
مركز تنمية المجتمع المحلي بيت راس,أماكن صديقة,,habdir25,المراكز والمؤسسات,الأردن,962777554794,Amalaabeh@yahoo.com,اربد _ بيت راس _ منطقة التطوير الحضري _ بجانب المركز الصحي 
مركز ضرار,أماكن صديقة,,habdir26,المراكز والمؤسسات,الأردن,962777341470,majdaalbalawneh@gmail.com,دير علا _ منطقة ضرار بن الأزور _ قرب روضة دير علا الجديدة 
مركز تنمية مجتمع محلي عنجرة,أماكن صديقة,,habdir27,المراكز والمؤسسات,الأردن,962778630990,aashwetr@yahoo.com,عجلون _ عنجرة _ شارع العشرين 
مركز تنمية المجتمع المحلي أم نوارة,أماكن صديقة,,habdir28,المراكز والمؤسسات,الأردن,962778345969,,القويسمة _ أم نوارة _ بقرب مركز صحي أم نوارة 
مركز تنمية المجتمع المحلي الطرة,أماكن صديقة,,habdir29,المراكز والمؤسسات,الأردن,962796832123,Wesam.abed@gmail.com,الرمثا _ الطرة _ وسط البلد _ دوار أمنية 
جمعية بيت الكل الخيرية,أماكن صديقة,,habdir30,المراكز والمؤسسات,الأردن,962776838970,huhassan@internationalmedicalcorps.org,الزرقاء _ قصبة الزرقاء _ حي معصوم _ خلف مسجد زين العابدين 
مركز الحياة,أماكن صديقة,,habdir31,المراكز والمؤسسات,الأردن,962795140098,azateemah@internationalmedicalcorps.org,المفرق _ قصبة المفرق	_ حي الضباط _ مقابل مسجد مدرسة الصناعة 
مركز الرجيب,أماكن صديقة,,habdir32,المراكز والمؤسسات,الأردن,962791604471,rajeeb@iccs-dpd.org,عمان _ القويسمة _ مقابل اسكان الأمن العام 
مركز الكرك,أماكن صديقة,,habdir33,المراكز والمؤسسات,الأردن,962772677940,,الكرك	_ الثنية _ مقابل المنظمة الدنماركية
مركز الدبايبة,أماكن صديقة,,habdir34,المراكز والمؤسسات,الأردن,962795002523,dbaibeh@iccs-dpd.org,عمان _ قصبة عمان _ مسجد الرضوان _ مديرية راس العين 
مركز مخيم الزرقاء,أماكن صديقة,,habdir35,المراكز والمؤسسات,الأردن,962797164743,,الزرقاء  _ مخيم الزرقاء _ قرب مخفر الشرطة 
مركز الإيمان,أماكن صديقة,,habdir36,المراكز والمؤسسات,الأردن,962795055176,nShouneh@iccs-dpd.org,إربد _ الأغوار الشمالية _ منطقة الرصانة _ قرب قاعة النور للأفراح 
مركز الوسطية,أماكن صديقة,,habdir37,المراكز والمؤسسات,الأردن,962795803304,wasatish@iccs-dpd.org,إربد _ الوسطية _ منطقة قميم
مركز الضليل,أماكن صديقة,,habdir38,المراكز والمؤسسات,الأردن,962772163483, dhulail@iccs-dpd.org,الزرقاء _ قصبة الزرقاء _ الضليل
مركز أيتام مخيم الطالبية,أماكن صديقة,,habdir39,المراكز والمؤسسات,الأردن,962779958636,asmaaabdalrhman94@gmail.com,عمان _ الجيزة _ شارع المطار 
مركز أيتام البيادر,أماكن صديقة,,habdir40,المراكز والمؤسسات,الأردن,962775711750,Maysajbara@hotmail.com,عمان_ وادي السير _ البيادر _ خلف مطعم القدس 
مركز أيتام مخيم غزة,أماكن صديقة,,habdir41,المراكز والمؤسسات,الأردن,962799787140,gazacamp87@gmail.com,جرش _ قصبة جرش _ مقابل مسجد صلاح الدين الأيوبي 
مركز أيتام مخيم مادبا,أماكن صديقة,,habdir42,المراكز والمؤسسات,الأردن,962780010903,Madaba@islamcc.org,مادبا	_ مخيم مادبا _ الشارع الرئيسي 
مركز فرع الزرقاء,أماكن صديقة,,habdir43,المراكز والمؤسسات,الأردن,962772334694,h_ancree@yahoo.com,الزرقاء _ قصبة الزرقاء _ شارع الفاروق 
مركز المفرق,أماكن صديقة,,habdir45,المراكز والمؤسسات,الأردن,962786607054,Braa.alhusban@gmail.com,المفرق _ قصبة المفرق _ شارع الجيش _ مقابل مبنى المحافظة 
مركز الكورة,أماكن صديقة,,habdir46,المراكز والمؤسسات,الأردن,962780330441,Makani2koura@gmail.com,إربد _ الكورة _ دير أبي سعيد _ بجانب حلويات العفوري 
مركز أبو هريرة,أماكن صديقة,,habdir47,المراكز والمؤسسات,الأردن,962796378185,,عمان _ قصبة عمان _ شارع حليمة السعدية 
مركز الغور الصافي,أماكن صديقة,,habdir48,المراكز والمؤسسات,الأردن,962790225180,,الكرك _ الأغوار الجنوبية _ غور الصافي 
مركز غور المزرعة,أماكن صديقة,,habdir49,المراكز والمؤسسات,الأردن,962795915292,,الكرك	_ الأغوار الجنوبية _ غور المزرعة
مركز مخيم سوف,أماكن صديقة,,habdir50,المراكز والمؤسسات,الأردن,962796559042,hadiaserha27@gmail.com,جرش	 _ مخيم سوف _ الشارع الرئيسي
مركز أيتام مخيم حطين,أماكن صديقة,,habdir51,المراكز والمؤسسات,الأردن,962781144988,Mmarkaz@yahoo.com,الزرقاء _ الرصيفة	_ مخيم حطين 
مركز أيتام البقعة,أماكن صديقة,,habdir52,المراكز والمؤسسات,الأردن,962788752431,baqaber@yahoo.com,البلقاء _ عين الباشا _ مخيم البقعة 
مركز أيتام الرصيفة,أماكن صديقة,,habdir53,المراكز والمؤسسات,الأردن,962786110131,,الزرقاء _ الرصيفة _ الجبل الشمالي _ دوار البركة 
مركز الوحدات,أماكن صديقة,,habdir54,المراكز والمؤسسات,الأردن,962780786059,,عمان _ لواء القويسمة _ شارع البسيوني
مركز النظيف لرعاية الأسر الفقيرة,أماكن صديقة,,habdir55,المراكز والمؤسسات,الأردن,962780010601,ma.hish@yahoo.com,عمان _ جبل النظيف 
مركز مخيم اربد,أماكن صديقة,,habdir56,المراكز والمؤسسات,الأردن,962790328221,irbed@iccs-dpd.org,إربد _ قصبة إربد _ شارع بلاط الشهدا _ تحت المجمع الشمالي 
مركز صويلح,أماكن صديقة,,habdir57,المراكز والمؤسسات,الأردن,962788787869,Ibraheem_mansi@yahoo.com,عمان _ لواء الجامعة _ صويلح 
مركز أيتام المزار الجنوبي,أماكن صديقة,,habdir58,المراكز والمؤسسات,الأردن,962788090695,arrbelal96@gmail.com,الكرك _ المزار الجنوبي _ شارع الإعمار 
مركز أيتام المقابلين,أماكن صديقة,,habdir59,المراكز والمؤسسات,الأردن,962799518262,mqablain@iccs-dpd.org,عمان _ لواء القويسمة _ منطقة المقابلين 
نايا للتدريب والتنمية المجتمعية,مبادرات مجتمعية وأنشطة,,habdir60,المراكز والمؤسسات,الأردن,962795109703,Info@Nayajo.org,الزرقاء 
مبادرة بهجة,مبادرات مجتمعية وأنشطة,,habdir61,المراكز والمؤسسات,الأردن,962795234194,lumajamjoum8@gmail.com,عمان 
آدم ومشمش,مبادرات مجتمعية وأنشطة,,habdir62,المراكز والمؤسسات,الأردن,962797644765,luma@Adamwamishmish.com,عمان 
نشاطات صديق,مبادرات مجتمعية وأنشطة,,habdir63,المراكز والمؤسسات,الأردن,962777392255,info@sdeq.com.jo,متوفر إلكترونياً 
مبادرة متلازمة داون معنا، حياتنا لها معنى,مبادرات مجتمعية وأنشطة,,habdir64,المراكز والمؤسسات,الأردن,962791214898,,جميع محافظات المملكة الأردنية الهاشمية
مركز النور,أماكن صديقة,,habdir65,المراكز والمؤسسات,الأردن,962796457127,alnoorcenter90@gmail.com,عمان _ القويسمة _ مقابل مدينة الملك عبدالله الثاني الرياضية 
مركز الجوفة,أماكن صديقة,,habdir66,المراكز والمؤسسات,الأردن,962780010407,Joufeh@iccs-dpd.org,عمان _ منطقة الجوفة 
مركز عز الدين القسام,أماكن صديقة,,habdir67,المراكز والمؤسسات,الأردن,962780010506,rasha.m.z1984@gmail.com,عمان _ منطقة المحطة _ شارع سوق الخضار
مركز العابورة,أماكن صديقة,,habdir68,المراكز والمؤسسات,الأردن,962787615663,hussain@iccs-dpd.org,عمان _ جبل الحسين _ بالقرب من المخيم 
مركز عزمي المفتي,أماكن صديقة,,habdir69,المراكز والمؤسسات,الأردن,962780010405,Srenaalshuqairi@yahoo.com,اربد _ بني عبيد
مجموعة الكرك للدعم الأسري,مجموعات دعم أسري,,habdir70,المراكز والمؤسسات,الأردن,962796312168,,الكرك، مدرسة المنشية الثانوية الشاملة للبنات 
مجموعة جرش للدعم الأسري,مجموعات دعم أسري,,habdir71,المراكز والمؤسسات,الأردن,962796921189,,جرش، جمعية سيدات جرش الخيرية مقابل مديرية التنمية الاجتماعية بجانب الكنسية 
مجموعة مأدبا للدعم الأسري,مجموعات دعم أسري,,habdir72,المراكز والمؤسسات,الأردن,962796062765,,مأدبا، بيت اللقاء 
مجموعة عين الباشا للدعم الأسري,مجموعات دعم أسري,,habdir73,المراكز والمؤسسات,الأردن,962795062153,,البلقاء، عين الباشا، مركز المنار للتنمية الفكرية 
مجموعة المفرق للدعم الأسري,مجموعات دعم أسري,,habdir74,المراكز والمؤسسات,الأردن,962790960500,,المفرق، جمعية الأصايل للإبداع والفن التشكيلي 
مجموعة الزرقاء للدعم الأسري,مجموعات دعم أسري,,habdir75,المراكز والمؤسسات,الأردن,962795577686,,الزرقاء، مجمع النقابات المهنية 
مجموعة إربد للدعم الأسري,مجموعات دعم أسري,,habdir76,المراكز والمؤسسات,الأردن,,,اربد، ديوان آل حجازي 
مجموعة السلط للدعم الأسري,مجموعات دعم أسري,,habdir77,المراكز والمؤسسات,الأردن,962797015159,,السلط، جمعية موسى الساكت للتنمية 
مجموعة جبل النظيف للدعم الأسري,مجموعات دعم أسري,,habdir78,المراكز والمؤسسات,الأردن,,,عمان، جبل النظيف، مؤسسة رواد التنمية 
مجموعة البنيات للدعم الأسري,مجموعات دعم أسري,,habdir79,المراكز والمؤسسات,الأردن,,,عمان، البنيات، جمعية الشابات المسلمات في البنيات 
مجموعة القويسمة للدعم الأسري,مجموعات دعم أسري,,habdir80,المراكز والمؤسسات,الأردن,,,عمان، القويسمة، مكتبة حديقة الحسن - الدفاع المدني في القويسمة 
مجموعة الفحيص للدعم الأسري,مجموعات دعم أسري,,habdir81,المراكز والمؤسسات,الأردن,,,البلقاء، الفحيص، مركز نازك الحريري 
مجموعة الوحدات للدعم الأسري,مجموعات دعم أسري,,habdir82,المراكز والمؤسسات,الأردن,,,عمان، الوحدات، حديقة ومكتبة البشائر 
مجموعة طبربور - جبل الحسين للدعم الأسري,مجموعات دعم أسري,,habdir83,المراكز والمؤسسات,الأردن,,,عمان، طبربور _ جبل الحسين، جمعية أهالي وأصدقاء الأشخاص ذوي الإعاقة 
مجموعة جبل عمان للدعم الأسري,مجموعات دعم أسري,,habdir84,المراكز والمؤسسات,الأردن,,,عمان، جبل عمان، عمارة أيليت، شارع عقبة بن نافع
مركز المنار للتنمية الفكرية / زي,إعاقات متعددة,البلقاء;جهة حكومية,habdir85,المراكز والمؤسسات,الأردن,962779808090,,البلقاء، زي، قرب مسجد زي 
مدرسة الرجاء لتعليم المعاقين سمعياً,إعاقات سمعية,الزرقاء;جهة خاصة,habdir86,المراكز والمؤسسات,الأردن,962772281832,alrajaaschool@yahoo.com,الزرقاء، لواء الرصيفة، الجبل الشمالي، اسكان الامير طلال
جمعية رعاية المعوقين,إعاقات ذهنية,الكرك;جهة تطوعية,habdir87,المراكز والمؤسسات,الأردن,,,الكرك، الوسية، جانب مركز الكرك للرعاية والتأهيل 
مركز جمعية قضاء عرجان للتربية الخاصة,إعاقات متعددة,جهة تطوعية;عجلون,habdir88,المراكز والمؤسسات,الأردن,962797660334,mhmmaddwekat44@gmail.com,عجلون، قضاء عرجان، قرية ابو الهوا، طريق راسون و عرجان 
مركز المنار للتنمية الفكرية / المدينة الرياضية,إعاقات ذهنية,جهة حكومية;عمان,habdir89,المراكز والمؤسسات,الأردن,962776944821,,عمان، المدينة الرياضية، حي الخرابشة، مقابل المدارس الأوروبية 
مركز الأمل للتربية الخاصة,إعاقات ذهنية,المفرق;جهة تطوعية,habdir90,المراكز والمؤسسات,الأردن,,,المفرق، شارع الجامعة، خلف مؤسسة الردايدة، بجانب مديرية العمل 
مركز الأمل للتربية الخاصة,إعاقات ذهنية,إربد;جهة تطوعية,habdir91,المراكز والمؤسسات,الأردن,,,إربد، لواء الرمثا 
مدرسة الفنار الأساسية الخاصة,إعاقات متعددة,الزرقاء;جهة خاصة,habdir92,المراكز والمؤسسات,الأردن,962796186461,,الزرقاء، الزرقاء الجديدة، البتراوي، دوار بادي الغويري، مقابل مدراس الهداية 
جمعية سنا لدعم ذوي الإحتياجات الخاصة,إعاقات ذهنية,جهة تطوعية;عمان,habdir93,المراكز والمؤسسات,الأردن,962788337515,info@sana.org.jo,عمان، الدوار السابع، شارع عبدالله غوشة 
مركز الأطفال المبتسمين لذوي الإحتياجات الخاصة,إعاقات متعددة,جهة خاصة;عمان,habdir94,المراكز والمؤسسات,الأردن,962779808090,hope_yes@hotmail.com,عمان، الجاردنز، الدخلة التابعة مباشرة بعد مطاعم المنقل‏
أكاديمية سوا للتربية الخاصة,إعاقات متعددة,جهة خاصة;عمان,habdir95,المراكز والمؤسسات,الأردن,962790902245,sawa.academy18@gmail.com,عمان، الرابية، بالقرب من مدارس كامبردج 
مركز لبنى للتربية الخاصة,إعاقات متعددة,جهة خاصة;عمان,habdir96,المراكز والمؤسسات,الأردن,962791017001,lubnacfse@gmail.com,عمان، الدوار السابع، خلف السي تاون، شارع تباشير 3 
جمعية التطوير المجتمعي للبادية الشمالية الخيرية,إعاقات متعددة,المفرق;جهة تطوعية,habdir97,المراكز والمؤسسات,الأردن,962799904333,,المفرق، الشارع الرئيسي، بالقرب من البلدية 
جمعية السرحان للتربية الخاصة,إعاقات متعددة,المفرق;جهة تطوعية,habdir98,المراكز والمؤسسات,الأردن,962799650343,alserhansfse@gmail.com,المفرق، مغير السرحان، الشارع الرئيسي، خلف المدرسة الأساسية المختلطة 
مركز CDR لذوي الاعاقة,إعاقات متعددة,جهة خاصة;عمان,habdir99,المراكز والمؤسسات,الأردن,962772639073,beboo_198399@yahoo.com,عمان، الجبيهة، شارع ياجوز 
جمعية التصلب اللويحي المتعدد الخيرية,إعاقات حركية,جهة تطوعية;عمان,habdir100,المراكز والمؤسسات,الأردن,962772055433,,عمان، جبل الحسين، شارع خالد بن الوليد، عمارة السعادة 
مركز لوفاس للتربية الخاصة,إعاقات متعددة,جهة خاصة;عمان,habdir101,المراكز والمؤسسات,الأردن,962797763536,lovaas.center@yahoo.com,عمان، مرج الحمام، قرب دوار الجندي 
مدرسة الأمل الأساسية للصم,إعاقات سمعية,جهة حكومية;عمان,habdir102,المراكز والمؤسسات,الأردن,962792269197,alamaldeafammanfirst66@yahoo.com,عمان، ماركا، حي العبدللات - قرب حلويات النجمة 
مركز العقبة الشامل للتربية الخاصة,إعاقات متعددة,العقبة;جهة حكومية,habdir103,المراكز والمؤسسات,الأردن,962772136501,,العقبة، المنطقة الخامسة، شارع الملك عبدالله - بجانب مدرسة البطريك ثيودورس الاول 
مركز آية للتربية الخاصة,إعاقات متعددة,جهة خاصة;عمان,habdir104,المراكز والمؤسسات,الأردن,962796454538,aya_sec@yahoo.com,عمان، ماركا الشمالية، حي المزارع، شارع منصور السرحان - بناية 17 
مركز التأهيل والتشغيل المهني,إعاقات متعددة,إربد;جهة حكومية,habdir105,المراكز والمؤسسات,الأردن,962795404949,,إربد، حي القصيلة، غرب مجمع الأغوار الجديد 
جمعية الأمل للتربية الخاصة,إعاقات ذهنية,إربد;جهة تطوعية,habdir106,المراكز والمؤسسات,الأردن,962778431315,alamal1236@yahoo.com,إربد، ايدون	الحي الغربي، قرب ديوان الخصاونة 
مركز روح الشرق للتطوير,إعاقات متعددة,جهة خاصة;عمان,habdir107,المراكز والمؤسسات,الأردن,,info@orientspirit.net,عمان، الدوار السابع، شارع ابراهيم قطان - مبنى رقم 62
جمعية جابر للتنمية الإجتماعية,إعاقات حركية,المفرق;جهة تطوعية,habdir108,المراكز والمؤسسات,الأردن,,,المفرق، جابر السرحان، الحي الشمالي - بالقرب من مدرسة جابر السرحان الثانوية 
المدرسة الإنجيلية الأسقفية العربية,إعاقات بصرية,إربد;جهة خاصة,habdir109,المراكز والمؤسسات,الأردن,962779089374,stjohn_b@hotmail.com,إربد، شارع البارحة، خلف جمعية آل حداد 
مدرسة المخلص الإنجيلية الأسقفية العربية,إعاقات بصرية,الزرقاء;جهة خاصة,habdir110,المراكز والمؤسسات,الأردن,,ses.1995@yahoo.com,الزرقاء، شارع الأمير نايف، مقابل مدرسة الروم الأرثدوكس
شركة مركز إنجاز للتوحد,توحد,جهة خاصة;عمان,habdir111,المراكز والمؤسسات,الأردن,962776581322,info@enjaz-autsim.com,عمان، شفا بدران، خلف جامعة العلوم التطبيقية، بجانب مسجد الشهيد محمود الكايد - فيلا رقم (42)
مركز أصدقاء التوحد الخيري,توحد,العقبة;جهة تطوعية,habdir112,المراكز والمؤسسات,الأردن,962796648966,,العقبة، خلف السيفوي، فلل المهندسين - قرب محكمة ضريبة الدخل 
جمعية المنشية للتربية الخاصة,إعاقات ذهنية,المفرق;جهة تطوعية,habdir113,المراكز والمؤسسات,الأردن,,,المفرق، منشية بني حسن 
جمعية كفرنجة الخيرية,إعاقات حركية,جهة تطوعية;عجلون,habdir114,المراكز والمؤسسات,الأردن,962795639172,abujalalb@gmail.com,عجلون، كفرنجة، طريق الأغوار - الحي الغربي الشمالي 
مركز تنمية المجتمع المحلي,إعاقات حركية,إربد;جهة حكومية,habdir115,المراكز والمؤسسات,الأردن,962772103399,,إربد، لواء الرمثا، الطرة، وسط البلد - دوار أمنية 
مركز الزرقاء الشامل للتربية الخاصة,إعاقات متعددة,الزرقاء;جهة حكومية,habdir116,المراكز والمؤسسات,الأردن,,,الزرقاء، جبل طارق، خلف المحافظة
مدارس دار الأرقم الإسلامية وعمان الدولية,صعوبات تعلم,جهة خاصة;عمان,habdir117,المراكز والمؤسسات,الأردن,962798518280,thaqafa150@yahoo.com,عمان، ضاحية الرشيد، شارع كمال منكو - قرب هيئة تنظيم قطاع النقل العام 
مركز الرجاء للتربية الخاصة,إعاقات ذهنية,جهة خاصة;عمان,habdir118,المراكز والمؤسسات,الأردن,,,عمان، رأس العين، حي الزهور، شارع ميمونة بنت الحارث - قرب غابة شهداء عمان - بناية رقم 86
مركز أبو حطب للعلاج الطبيعي,إعاقات حركية,جهة خاصة;عمان,habdir119,المراكز والمؤسسات,الأردن,,,عمان، صويلح، شارع الملكة رانيا، إشارة الدوريات - بناء (383)
المدرسة النموذجية للشلل الدماغي,إعاقات حركية,جهة تطوعية;عمان,habdir120,المراكز والمؤسسات,الأردن,962795546972,cp_school_ammanfirst@yahoo.com,عمان، الشميساني، شارع رفعت الصليبي - بناية رقم 16
أكاديمية طوبى للتربية الخاصة وتنمية القدرات,إعاقات ذهنية,جهة خاصة;عمان,habdir121,المراكز والمؤسسات,الأردن,,,عمان، شارع مكة، خلف محطة السندباد للمحروقات 
أكاديمية التميز الشامل,إعاقات ذهنية,جهة تطوعية;عمان,habdir122,المراكز والمؤسسات,الأردن,962795516721,,عمان، شارع الأردن، قرب جامعة عمان العربية 
جمعية الصداقة الأردنية الخيرية لذوي الإحتياجات الخاصة,إعاقات حركية,جهة تطوعية;عمان,habdir123,المراكز والمؤسسات,الأردن,962797134415,,عمان، القويسمة، خلف كازية العصيوي _ مقابل عيادة جنى 
المركز الإستشاري للتوحد,توحد,جهة خاصة;عمان,habdir124,المراكز والمؤسسات,الأردن,962795557769,,عمان، شفا بدران، بجانب القيادة العامة لقوات الدرك 
مركز المنار للتنمية الفكرية / المفرق,إعاقات ذهنية,المفرق;جهة حكومية,habdir125,المراكز والمؤسسات,الأردن,,tahabk@yahoo.com,المفرق، الرويشد، الشارع الرئيسي - جانب المؤسسة الإستهلاكية
مركز المنار للتنمية الفكرية /عجلون,إعاقات ذهنية,جهة حكومية;عجلون,habdir127,المراكز والمؤسسات,الأردن,,,عجلون، عنجرة، طريق عمان القديم، حي سرارة - بجانب مكتب د.محمود ابو خلف
مدرسة الأمل الثانوية المختلطة للصم,إعاقات سمعية,جهة حكومية;عمان,habdir128,المراكز والمؤسسات,الأردن,,alamaldeafammanfirst66@yahoo.com,عمان، جبل اللويبدة، قرب دوار باريس - بجانب المركز الصحي الشامل ومؤسسة الأيتام
جمعية الجنوب للتربية الخاصة,إعاقات متعددة,جهة تطوعية;معان,habdir129,المراكز والمؤسسات,الأردن,,ssmaan1996@yahoo.com,معان، السطح، الطريق الصحراوي - قرب بيت التنمية والقرى
جمعية الطيبة الجنوبية لذوي الإحتياجات الخاصة /البتراء,إعاقات متعددة,جهة تطوعية;معان,habdir130,المراكز والمؤسسات,الأردن,962777244883,,معان، لواء البتراء ، بلدة الطيبة، مقابل مكتب بريد الطيبة 
جمعية مهارات لرعاية وتأهيل ذوي الإعاقة,إعاقات متعددة,جهة تطوعية;معان,habdir131,المراكز والمؤسسات,الأردن,,tharwa_a@yahoo.com,معان، طريق أذرح، خلف مسجد ماريا القبطية 
مركز المنار للتنمية الفكرية /أذرح,إعاقات ذهنية,جهة حكومية;معان,habdir132,المراكز والمؤسسات,الأردن,962795020224,,معان، مكان الشرطة سابقاً
جمعية الأمل الخيرية /جرش,إعاقات متعددة,جرش;جهة تطوعية,habdir133,المراكز والمؤسسات,الأردن,962779526856,,جرش، بناية الإتحاد العام للجمعيات الخيرية 
جمعية أم الزيتون الخيرية,إعاقات متعددة,جرش;جهة تطوعية,habdir134,المراكز والمؤسسات,الأردن,962772409099,,جرش، أم الزيتون، بجانب مدرسة الذكور 
جمعية جرش لرعاية ذوي الإحتياجات الخاصة,إعاقات متعددة,جرش;جهة تطوعية,habdir135,المراكز والمؤسسات,الأردن,962772091303,,جرش، شارع المفرق، بناية الإتحاد العام للجمعيات الخيرية 
جمعية قفقفا للتنمية الاجتماعية,إعاقات متعددة,جرش;جهة تطوعية,habdir136,المراكز والمؤسسات,الأردن,962772203004,,جرش، قفقفا، بجانب مسجد خباب بن الأرت
مركز التأهيل المجتمعي للأشخاص ذوي الإعاقة,إعاقات متعددة,جرش;جهة دولية,habdir137,المراكز والمؤسسات,الأردن,962795343339,jerashcbrc@yahoo.com,جرش، مخيم جرش، خلف مدارس وكالة الغوث - شارع الحدادة
مركز نور الحياة للتربية الخاصة,إعاقات ذهنية,جرش;جهة خاصة,habdir138,المراكز والمؤسسات,الأردن,,ayasrah_68@hotmail.com,جرش، حي ظهر السرو، قرب مدرسة جرش الأهلية 
جمعية أم القطين لذوي الإحتياجات الخاصة,إعاقات متعددة,المفرق;جهة تطوعية,habdir139,المراكز والمؤسسات,الأردن,962772167979,,المفرق، لواء البادية الشرقية، قضاء أم القطين 
مركز سيدة السلام لذوي الإحتياجات الخاصة,إعاقات متعددة,العقبة;جهة تطوعية,habdir140,المراكز والمؤسسات,الأردن,962777966829,,العقبة، المنطقة الثامنة، بجانب مسجد الرياطي
جمعية أجيال الخيرية,إعاقات متعددة,العقبة;جهة تطوعية,habdir141,المراكز والمؤسسات,الأردن,,ajyalaqaba@yahoo.com,العقبة، وسط البلد، بجانب مركز أمن المدينة 
جمعية البادية الجنوبية للتربية الخاصة,إعاقات متعددة,العقبة;جهة تطوعية,habdir142,المراكز والمؤسسات,الأردن,962777327856,,العقبة، القويرة، حي العمران  
مركز المنار للتنمية الفكرية / العقبة,إعاقات ذهنية,العقبة;جهة حكومية,habdir143,المراكز والمؤسسات,الأردن,,,العقبة، القويرة، الشارع الدولي عمان_ العقبة - مقابل مستشفى القويرة العسكري
جمعية الثغر لرعاية المعوقين,إعاقات ذهنية,العقبة;جهة تطوعية,habdir144,المراكز والمؤسسات,الأردن,,,العقبة، المنطقة السادسة، قرب إتحاد عام الجمعيات الخيرية
جمعية مؤسسة العناية بالشلل الدماغي,إعاقات حركية,العقبة;جهة تطوعية,habdir145,المراكز والمؤسسات,الأردن,962797742850,cpsammjo@orange.jo,العقبة، المنطقة الرابعة، قرب مركز أبو زهرة التجاري 
جمعية بصيرا الخيرية,إعاقات متعددة,الطفيلة;جهة تطوعية,habdir146,المراكز والمؤسسات,الأردن,,jrofou@yahoo.com,الطفيلة، بصيرا، البلدة القديمة - شارع الفريوات
مدرسة عبد الرحمن بن عوف للتربية الخاصة,إعاقات سمعية,الطفيلة;جهة حكومية,habdir147,المراكز والمؤسسات,الأردن,,,الطفيلة، بجانب مركز صحي الطفيلة الأولى - قرب مديرية تربية الطفيلة 
مركز الجود للتربية الخاصة,إعاقات متعددة,الكرك;جهة خاصة,habdir148,المراكز والمؤسسات,الأردن,962772098084,,الكرك، مؤتة، حي الجامعة - مقابل صالة أنوار مؤتة
جمعية اللورنس لذوي الإعاقة,إعاقات متعددة,الكرك;جهة تطوعية,habdir149,المراكز والمؤسسات,الأردن,962797877427,umlorans2011@gmail.com,الكرك، لواء القصر، مقابل شركة الكهرباء 
جمعية السرى لحقوق الأشخاص ذوي الإعاقة,إعاقات متعددة,الكرك;جهة تطوعية,habdir150,المراكز والمؤسسات,الأردن,962796446321,faris.frhan@yahoo.com,الكرك، الثنية، قرب شركة الكهرباء 
جمعية الشهيد عمر المجالي للتبرع بالقرنيات والأعضاء,إعاقات بصرية,الكرك;جهة تطوعية,habdir151,المراكز والمؤسسات,الأردن,962799466667,hemoooo2015.hm@gmail.com,الكرك، بلدة الربة 
جمعية نغم الحياة الخيرية,إعاقات متعددة,الكرك;جهة تطوعية,habdir152,المراكز والمؤسسات,الأردن,962790525292,hemo2018.majali@gmail.com,الكرك، بلدة الربة 
جمعية المدينة المنورة لرعاية ذوي الإحتياجات الخاصة وأسرهم الخيرية,إعاقات متعددة,الكرك;جهة تطوعية,habdir153,المراكز والمؤسسات,الأردن,,,الكرك، العدنانية، مقابل مدرسة زيد بن حارثة
مركز الكرك للرعاية والتأهيل,إعاقات ذهنية,الكرك;جهة حكومية,habdir154,المراكز والمؤسسات,الأردن,962796984724,markez.karak@mosd.com.jo,الكرك، الوسية، بجانب جمعية مؤتة للتربية الخاصة 
مركز القطرانة للتربية الخاصة,إعاقات ذهنية,الكرك;جهة حكومية,habdir155,المراكز والمؤسسات,الأردن,,,الكرك، القطرانة، قرب المركز الصحي - بجانب مركز الشباب 
جمعية غور الصافي للتنمية الإجتماعية,إعاقات ذهنية,الكرك;جهة تطوعية,habdir156,المراكز والمؤسسات,الأردن,962797937157,,الكرك، غور الصافي، شارع السوق التجاري - جانب مدرسة الصافي الثانوية للبنين 
مركز مؤاب لذوي الإحتياجات الخاصة,إعاقات ذهنية,الكرك;جهة تطوعية,habdir157,المراكز والمؤسسات,الأردن,962795826797,khaledtarawna@yahoo.com,الكرك، الخالدية، المزار الجنوبي، مؤاب 
جمعية سيدات غور الصافي للتنمية الإجتماعية,إعاقات ذهنية,الكرك;جهة تطوعية,habdir158,المراكز والمؤسسات,الأردن,962795643422,saficrafts@gmail.com,الكرك، الأغوار الجنوبية، قرب مستشفى غور الصافي 
مركز الكرك للشلل الدماغي,إعاقات حركية,الكرك;جهة تطوعية,habdir159,المراكز والمؤسسات,الأردن,962797028053,cpf.karak@hotmail.com,الكرك، منطقة المنشية، بعد إشارة المستشفى العسكري - خلف مدرسة المنشية للبنين 
جمعية الكرك لرعاية ذوي الإعاقات الحركية,إعاقات حركية,الكرك;جهة تطوعية,habdir160,المراكز والمؤسسات,الأردن,,,الكرك، شارع مجمع النقابات المهنية سابقاً، مقابل مصاروة 
جمعية البتراء للتربية الخاصة,إعاقات متعددة,جهة تطوعية;معان,habdir161,المراكز والمؤسسات,الأردن,962795410168,mohammad.ghanem1@gmail.com,معان، وادي موسى، وسط البلد، نادي الشباب - ط أرضي 
جمعية الشراه الجنوبية للتربية الخاصة,إعاقات متعددة,جهة تطوعية;معان,habdir162,المراكز والمؤسسات,الأردن,,,معان، قضاء المريغة، مقابل مدرسة المريغة الأساسية للذكور
جمعية الشوبك لرعاية الأيتام وذوي الإحتياجات الخاصة الخيرية,إعاقات متعددة,جهة تطوعية;معان,habdir163,المراكز والمؤسسات,الأردن,962772696336,,معان، مثلث الشوبك، وسط البلد - مسجد مصعب بن عمير 
جمعية الحسينية لرعاية وتأهيل المعاقين,إعاقات متعددة,جهة تطوعية;معان,habdir164,المراكز والمؤسسات,الأردن,962777535251,,معان، الحسينية 
جمعية الراجف للتربية الخاصة,إعاقات متعددة,جهة تطوعية;معان,habdir165,المراكز والمؤسسات,الأردن,962772167185,,معان، البتراء، راجف، قرب مدرسة الراجف - حي الجمعية 
مركز الكورة الشامل للتربية الخاصة,إعاقات متعددة,إربد;جهة حكومية,habdir166,المراكز والمؤسسات,الأردن,,,إربد، الكورة، دير أبو سعيد 
الجمعية الهاشمية لرعاية وتأهيل المعاقين,إعاقات متعددة,إربد;جهة تطوعية,habdir167,المراكز والمؤسسات,الأردن,962777373034,the-hartrp-jordan@yahoo.com,إربد، كفر أسد، غرب إربد - مقابل بلدية الوسطية
جمعية أصحاب الهمم للمعوقين,إعاقات متعددة,إربد;جهة تطوعية,habdir168,المراكز والمؤسسات,الأردن,,kafrainy@gmail.com,إربد، الأغوار الشمالية، المشارع، الشارع الرئيسي - قرب مسجد أبو ذر الغفاري 
أكاديمية الشمال للتدريب والتأهيل,إعاقات متعددة,إربد;جهة خاصة,habdir169,المراكز والمؤسسات,الأردن,962785721799,robeidat78@yahoo.com,إربد، غرب دوار إربد مول، باتجاه طريق مجمع الغور 
جمعية علعال الخيرية,إعاقات متعددة,إربد;جهة تطوعية,habdir170,المراكز والمؤسسات,الأردن,962777548219,,إربد، علعال، مقابل مسجد علعال الكبير 
مركز البقاعي للرعاية والتأهيل الشامل,إعاقات متعددة,إربد;جهة خاصة,habdir171,المراكز والمؤسسات,الأردن,962798542071,alboqaiworld@gmail.com,إربد، الحي الشرقي، خلف مركز أمن الحي الشرقي 
جمعية الشفاء لرعاية المعوقين,إعاقات متعددة,إربد;جهة تطوعية,habdir172,المراكز والمؤسسات,الأردن,,,إربد، مثلث فوعرا، تحت مسجد الإيمان 
جمعية المنشية لذوي الإحتياجات الخاصة,إعاقات متعددة,إربد;جهة تطوعية,habdir173,المراكز والمؤسسات,الأردن,962788943188,,إربد، منشية بني حسن 
جمعية سمر الخيرية,إعاقات ذهنية,إربد;جهة تطوعية,habdir174,المراكز والمؤسسات,الأردن,962795639172,,إربد، بني كنانة، بلدة سمر - قرب بلدية الشعلة 
مركز التأهيل المجتمعي للمعاقين,إعاقات متعددة,إربد;جهة دولية,habdir175,المراكز والمؤسسات,الأردن,,irbidcbr94@yahoo.com,إربد، مخيم إربد، الحي الشمالي، شارع بلاط الشهداء - بجانب مدارس الوكالة 
جمعية كفر عوان الخيرية,إعاقات متعددة,إربد;جهة تطوعية,habdir176,المراكز والمؤسسات,الأردن,,,إربد، الكورة، كفر عوان، وسط البلد - قرب جامع العباس 
جمعية اليرموك /لواء بني كنانة,إعاقات متعددة,إربد;جهة تطوعية,habdir177,المراكز والمؤسسات,الأردن,962776642717,yarmouk_society99@yahoo.com,إربد، بني كنانة، حبراص، الشارع الرئيسي - تحت بلدية الكفارات 
جمعية دير يوسف الخيرية,إعاقات ذهنية,إربد;جهة تطوعية,habdir178,المراكز والمؤسسات,الأردن,,rabee.alomari@yahoo.com,إربد، دير يوسف، وسط البلد - مقابل المسجد الكبير
الجمعية الخيرية للعمل الإجتماعي,إعاقات ذهنية,إربد;جهة تطوعية,habdir179,المراكز والمؤسسات,الأردن,,charity4unable@gmail.com,إربد، حي التركمان، خلف المركز الصحي 
جمعية ارحابا الخيرية,إعاقات ذهنية,إربد;جهة تطوعية,habdir180,المراكز والمؤسسات,الأردن,962797520961,rehabacharity@gmail.com,إربد، المزار	ارحابا، الشارع الرئيسي - قرب مسجد النور 
جمعية الطيبة الخيرية,إعاقات ذهنية,إربد;جهة تطوعية,habdir181,المراكز والمؤسسات,الأردن,,alawnehyasmeen@gmail.com,إربد، لواء الطيبة، قرب مديرية التنمية الإجتماعية 
جمعية أبي عبيدة الخيرية,إعاقات ذهنية,إربد;جهة تطوعية,habdir182,المراكز والمؤسسات,الأردن,962772120110,,إربد، المزار الشمالي، قرب مدرسة بنات المزار الأساسية الاولى
جمعية المشارع الخيرية,إعاقات ذهنية,إربد;جهة تطوعية,habdir183,المراكز والمؤسسات,الأردن,,,إربد، الأغوار الشمالية، المشارع - قرب نادي المشارع 
جمعية أبي الدرداء للتربية الخاصة,إعاقات ذهنية,إربد;جهة تطوعية,habdir184,المراكز والمؤسسات,الأردن,962785552382,,إربد، زحر، بجانب ثانوية البنات
مركز المنار للتنمية الفكرية/ إربد,إعاقات ذهنية,إربد;جهة حكومية,habdir185,المراكز والمؤسسات,الأردن,962777776436,tamam.alatik@yahoo.com,إربد، طريق حوارة، قرب كازية الكراسنة - بجانب صالة بردى 
مركز العناية بالسمع والنطق,إعاقات سمعية,إربد;جهة تطوعية,habdir186,المراكز والمؤسسات,الأردن,962796317417,speech_hearing@yahoo.com,إربد، مجمع عمان القديم 
الجمعية الأردنية للسمع والنطق,إعاقات متعددة,إربد;جهة تطوعية,habdir187,المراكز والمؤسسات,الأردن,962799364637,jordanian.society_hs@yahoo.com,إربد، مقابل البوابة الشمالية لجامعة اليرموك
مركز صوت الحياة للسمع والنطق,إعاقات سمعية,إربد;جهة خاصة,habdir188,المراكز والمؤسسات,الأردن,962785195902,sound_live00@yahoo.com,إربد، شارع الملك طلال، مجمع المدينة المنورة - ط1
جمعية ملكا الخيرية,إعاقات سمعية,إربد;جهة تطوعية,habdir189,المراكز والمؤسسات,الأردن,962777780220,,إربد، ملكا، شرق المركز الصحي - قرب المقبرة
جمعية جديتا الخيرية,إعاقات متعددة,إربد;جهة تطوعية,habdir190,المراكز والمؤسسات,الأردن,,,إربد، الكورة، جديتا - الشارع الرئيسي
جمعية النهضة للتحديات الحركية,إعاقات حركية,إربد;جهة تطوعية,habdir191,المراكز والمؤسسات,الأردن,962777717917,nahdairbid@gmail.com,إربد، شارع محمد نجيب، قرب دائرة الأحوال المدنية 
مركز إربد للشلل الدماغي,إعاقات حركية,إربد;جهة تطوعية,habdir192,المراكز والمؤسسات,الأردن,,cpf.irbid@yahoo.com,إربد، شارع فلسطين، بداية حي طوال البارحة - قرب دار الأحداث 
"جمعية العائلة البيضاء ""الألبينو"" الخيرية",إعاقات بصرية,إربد;جهة تطوعية,habdir193,المراكز والمؤسسات,الأردن,,albino.jordan@barid.com,إربد، شارع الهاشمي، مقابل المسجد الهاشمي - مجمع الزهراوي 
جمعية معاذ بن جبل الخيرية للمكفوفين,إعاقات بصرية,إربد;جهة تطوعية,habdir194,المراكز والمؤسسات,الأردن,962795062164,,إربد، الأغوار الشمالية، الشونة الشمالي - قرب مديرية الأشغال العامة 
بيت اللقاء لذوي الإحتياجات الخاصة,إعاقات متعددة,جهة تطوعية;جهة خاصة;مأدبا,habdir195,المراكز والمؤسسات,الأردن,962788654998,sermigiordan@gmail.com,مأدبا، طريق ذيبان، منطقة التيم - بجانب المقبرة المسيحية الجديدة 
مركز الأمل للتربية الخاصة,إعاقات ذهنية,جهة تطوعية;مأدبا,habdir196,المراكز والمؤسسات,الأردن,962795062153,,مأدبا، صوفا، بعد المقبرة الاسلامية 
جمعية عبد الرحمن بن عوف الخيرية,إعاقات سمعية,جهة تطوعية;مأدبا,habdir197,المراكز والمؤسسات,الأردن,,fasatlaali@gmail.com,مأدبا، شارع الملك عبدالله، بناء عبدالله مرزوق - ط1
جمعية الوفاق الخيرية,إعاقات سمعية,جهة تطوعية;مأدبا,habdir198,المراكز والمؤسسات,الأردن,,abd_wledat@yahoo.com,مأدبا، لواء ذيبان، قرية المشرفة، الشارع العام - مقابل أسواق المدينة الإستهلاكية 
جمعية السلط لرعاية وتأهيل ذوي الإعاقات الخيرية,إعاقات متعددة,البلقاء;جهة تطوعية,habdir199,المراكز والمؤسسات,الأردن,962772281001,m_hisat69@yahoo.com,البلقاء، شارع الميدان، قرب مكتب إفتاء البلقاء - مقابل البنك التجاري الأردني 
"مركز الجوفة المجتمعي للتأهيل ""بيت سليم """,إعاقات متعددة,البلقاء;جهة تطوعية,habdir200,المراكز والمؤسسات,الأردن,962795111330,,البلقاء، لواء الشونة الجنوبية، قرية الجوفة، خلف المركز الصحي - بجانب الصندوق الأردني الهاشمي 
جمعية البلاونة الخيرية,إعاقات متعددة,البلقاء;جهة تطوعية,habdir201,المراكز والمؤسسات,الأردن,,nawalsalm@gmail.com,البلقاء، دير علا، البلاونة، منطقة أبي عبيدة البلاونة - بجانب شعبة البريد
مركز الأمل للتربية الخاصة,إعاقات ذهنية,البلقاء;جهة تطوعية,habdir202,المراكز والمؤسسات,الأردن,962776468564,,البلقاء، شارع بركة العامرية، بجانب مدارس البلقاء الإسلامية 
مركز الأميرة عالية بنت الحسين للتربية الخاصة,إعاقات ذهنية,البلقاء;جهة تطوعية,habdir203,المراكز والمؤسسات,الأردن,,,البلقاء، مخيم البقعة، قرب عيادات وكالة الغوث
جمعية السلط الخيرية الإسلامية,إعاقات سمعية,البلقاء;جهة تطوعية,habdir204,المراكز والمؤسسات,الأردن,962795319927,saltsociety@yahoo.com,البلقاء، السلط، مجمع الدوائر الحكومية - جسر زي 
جمعية الروضة للتنمية الإجتماعية,إعاقات سمعية,البلقاء;جهة تطوعية,habdir205,المراكز والمؤسسات,الأردن,,,البلقاء، لواء الشونة الجنوبية، منطقة الروضة - شارع البلدية 
مؤسسة الأراضي المقدسة للصم,إعاقات سمعية,البلقاء;جهة تطوعية,habdir206,المراكز والمؤسسات,الأردن,962792568382,hlid@go.com.jo,البلقاء، حي السلالم، بجانب مصنع الأدوية 
جمعية الرؤى للمكفوفين/دير علا,إعاقات بصرية,البلقاء;جهة تطوعية,habdir207,المراكز والمؤسسات,الأردن,,rooamk@yahoo.com,البلقاء، دير علا، الصوالحة - بجانب مسجد الصوالحة الكبير 
جمعية سعد بن معاذ الخيرية لذوي الإحتياجات الخاصة,إعاقات متعددة,الزرقاء;جهة تطوعية,habdir208,المراكز والمؤسسات,الأردن,962796268074,hamada.2029@hotmail.com,الزرقاء، حي الأمير محمد، الحاووز، شارع الأندلس - قرب مستشفى الزرقاء الحكومي 
مركز التأهيل والتشغيل المهني,إعاقات متعددة,الزرقاء;جهة حكومية,habdir209,المراكز والمؤسسات,الأردن,962777336637,,الزرقاء، شارع عمان_الرصيفة، بجانب جامع مدينة الحجاج - مقابل مخيم حطين 
جمعية زارعي البسمة الخيرية,إعاقات متعددة,الزرقاء;جهة تطوعية,habdir210,المراكز والمؤسسات,الأردن,962796843053,,الزرقاء، مخيم حطين، شارع الملك حسين - قرب صيدلية مكة - بناء317
مركز الأمل الجديد لرعاية متعددي الإعاقات,إعاقات متعددة,الزرقاء;جهة حكومية,habdir211,المراكز والمؤسسات,الأردن,962786453394,newhappy_center@yahoo.com,الزرقاء، الرصيفة، ياجوز، خلف مستشفى الأمير فيصل - بجانب مستودعات الصحة /التزويد
مركز حطين للكشف المبكر عن الإعاقات والتأهيل المجتمعي,إعاقات متعددة,الزرقاء;جهة حكومية,habdir212,المراكز والمؤسسات,الأردن,,,الزرقاء، الرصيفة ، مخيم حطين، الشارع الرئيسي - بجانب المركز الأمني 
جمعية سيدات الضليل للتربية الخاصة,إعاقات ذهنية,الزرقاء;جهة تطوعية,habdir213,المراكز والمؤسسات,الأردن,,fateman71@yahoo.com,الزرقاء، الضليل، مقابل مركز الرعاية وكازية الصالح 
مركز التأهيل المبني على المجتمع المحلي,إعاقات متعددة,الزرقاء;جهة دولية,habdir214,المراكز والمؤسسات,الأردن,962795023025,,الزرقاء، مخيم الزرقاء، شارع المدارس 
جمعية خطوتنا,إعاقات متعددة,الزرقاء;جهة تطوعية,habdir215,المراكز والمؤسسات,الأردن,962795851643,newstep_2010@hotmail.com,الزرقاء، الرصيفة، إسكان هاشم - داخل حديقة بركة الببسي(فرح)
مركز رؤيا للتربية الخاصة,إعاقات متعددة,الزرقاء;جهة خاصة,habdir216,المراكز والمؤسسات,الأردن,962777736903,royaeducation@hotmail.com,الزرقاء، الزرقاء الجديدة، مقابل مسجد يافا الكبير 
مركز مراد الأمل للتربية الخاصة,إعاقات متعددة,الزرقاء;جهة خاصة,habdir217,المراكز والمؤسسات,الأردن,962795912600,,الزرقاء، حي السلام، شارع علي بن أبي طالب 
مركز جمعية عثمان بن عفان للتربية الخاصة,إعاقات ذهنية,الزرقاء;جهة تطوعية,habdir218,المراكز والمؤسسات,الأردن,962788140591,othman.society.jo@gmail.com,الزرقاء، الزرقاء الجديدة، شارع مكة المكرمة -بناء رقم 92
جمعية السيدات العاملات,إعاقات حركية,الزرقاء;جهة تطوعية,habdir219,المراكز والمؤسسات,الأردن,,w_wworkingsociety@hotmail.com,الزرقاء، الرصيفة، الجبل الجنوبي - شارع محمود سالم الحلبي - بناية 4
شركة العطاء الشامل,إعاقات ذهنية,الزرقاء;جهة خاصة,habdir220,المراكز والمؤسسات,الأردن,962799229966,alaaalmalki0@gmail.com,الزرقاء، الزرقاء الجديدة، عيادات البتراوي سابقاً - خلف السيفوي
مركز الضليل للرعاية والتأهيل,إعاقات ذهنية,الزرقاء;جهة حكومية,habdir221,المراكز والمؤسسات,الأردن,962785103384,,الزرقاء، الضليل، خلف أسواق الضليل المركزية - بجانب المدرسة المركزية للذكور 
جمعية عقربا الخيرية التنموية / مركز النشاط النهاري للمعاقين الكبار,إعاقات ذهنية,الزرقاء;جهة تطوعية,habdir222,المراكز والمؤسسات,الأردن,,,الزرقاء، حي رمزي، قرب مدرسة سعيد بن المسيب 
المركز الإستشاري التطبيقي للتربية الخاصة,إعاقات ذهنية,الزرقاء;جهة خاصة,habdir223,المراكز والمؤسسات,الأردن,962795654531,cacjo2012@gmail.com,الزرقاء، الرصيفة، طريق ياجوز، مقابل مديرية تربية الرصيفة 
جمعية الخربة السمراء للإحتياجات الخاصة الخيرية,إعاقات متعددة,المفرق;جهة تطوعية,habdir224,المراكز والمؤسسات,الأردن,,,المفرق، الخربة السمراء	، روضة الأمير محمد - قرب مدرسة الذكور
جمعية رعاية الطفل الخيرية,إعاقات متعددة,المفرق;جهة تطوعية,habdir225,المراكز والمؤسسات,الأردن,962779383795,,المفرق، البادية الشمالية الشرقية، السعيدية - جانب المسجد الكبير 
جمعية الخالدية للتربية الخاصة,إعاقات متعددة,المفرق;جهة تطوعية,habdir226,المراكز والمؤسسات,الأردن,962777782688,,المفرق، الخالدية ، شارع جمعية التنمية - مقابل مقبرة البقيع 
مركز الرواء للتربية الخاصة,إعاقات ذهنية,المفرق;جهة خاصة,habdir227,المراكز والمؤسسات,الأردن,962772228163,,المفرق، شارع ايدون، قرب نادي الطفل 
جمعية تل الرماح للتنمية الاجتماعية,إعاقات حركية,المفرق;جهة تطوعية,habdir228,المراكز والمؤسسات,الأردن,962777288230,,المفرق،البادية الشمالية الشرقية ،قضاء دير الكهف 
جمعية أهالي الرويشد للعناية بالأشخاص المعوقين,إعاقات ذهنية,المفرق;جهة تطوعية,habdir229,المراكز والمؤسسات,الأردن,962785842002,,المفرق، البادية الشمالية الشرقية، شارع بغداد - مقابل مبنى البلدية 
جمعية رحاب لذوي الإحتياجات الخاصة,إعاقات ذهنية,المفرق;جهة تطوعية,habdir230,المراكز والمؤسسات,الأردن,962788121170,,المفرق، رحاب بني حسن، قرب المؤسسة العسكرية 
جمعية بلعما للتربية الخاصة,إعاقات ذهنية,المفرق;جهة تطوعية,habdir231,المراكز والمؤسسات,الأردن,962777716775,,المفرق، بلعما، بجانب جمعية بلعما للتنمية
جمعية صبحا لذوي الإحتياجات الخاصة,إعاقات ذهنية,المفرق;جهة تطوعية,habdir232,المراكز والمؤسسات,الأردن,962779819796,,المفرق، البادية الشمالية ، صبحا وصبحية الشارع العام 
جمعية حليمة السعدية لرعاية الأيتام الخيرية,صعوبات تعلم,المفرق;جهة تطوعية,habdir233,المراكز والمؤسسات,الأردن,962772326266,halema079@yahoo.com,المفرق،البادية الشمالية الغربية ،قضاء حوشة - الحمراء
جمعية عجلون الخيرية لشؤون الأشخاص ذوي الإعاقة,إعاقات متعددة,جهة تطوعية;عجلون,habdir234,المراكز والمؤسسات,الأردن,962779817461,,عجلون، قرب مستشفى الإيمان 
جمعية صلاح الدين لرعاية المعاقين والأيتام الخيرية,إعاقات متعددة,جهة تطوعية;عجلون,habdir235,المراكز والمؤسسات,الأردن,962772152141,, عجلون ، حلاوة الهاشمية، بناء الصناعة والتجارة - ط3
جمعية أصدقاء المجتمع للإعاقات الذهنية البسيطة والمتوسطة,إعاقات ذهنية,جهة تطوعية;عجلون,habdir236,المراكز والمؤسسات,الأردن,962776929077,,عجلون ،وسط البلد ،مقابل الإتحاد العام للجمعيات الخيرية لمحافظة عجلون 
جمعية الجبل للتربية الخاصة,إعاقات ذهنية,جهة تطوعية;عجلون,habdir237,المراكز والمؤسسات,الأردن,962776929077,,عجلون ،الصخرة ،	الحي الشمالي 
مركز جمعية الزهراء الخيرية للتربية الخاصة,إعاقات ذهنية,الزرقاء;جهة تطوعية,habdir238,المراكز والمؤسسات,الأردن,962798342016,alzahraacharity@gmail.com,الزرقاء، الرصيفة	، الجبل الشمالي، خلف مدرسة جمانة - بناء رقم 25
مركز سما للتجهيزات الطبية والسمعية,إعاقات متعددة,الزرقاء;جهة خاصة,habdir239,المراكز والمؤسسات,الأردن,,,الزرقاء، شارع السعادة، مقابل البنك العربي والبنك الاسلامي - عمارة طارق سنتر - ط5 
مركز الترك لتقويم النطق واللغة,إعاقات سمعية,الزرقاء;جهة خاصة,habdir240,المراكز والمؤسسات,الأردن,,,الزرقاء، شارع السعادة، عمارة السعادة - مقابل مطاعم السلام 
مركز آل مكتوم للعناية بالشلل الدماغي,إعاقات حركية,الزرقاء;جهة خاصة,habdir241,المراكز والمؤسسات,الأردن,962786760044,cpf-zarka@hotmail.com,الزرقاء، شارع السائب بن العوام، حي رمزي، خلف الدفاع المدني - جانب مسبح الفيروز
مركز التعليم للجميع لتنمية وتطوير قدرات الطفل,إعاقات متعددة,جهة خاصة;عمان,habdir242,المراكز والمؤسسات,الأردن,,info@learning2gether.com.jo,عمان، تلاع العلي، خلف أسواق السلطان - شارع عياض بن زهير - فيلا رقم 38
الأكاديمية الوطنية للتربية الخاصة,إعاقات متعددة,جهة خاصة;عمان,habdir245,المراكز والمؤسسات,الأردن,,,عمان، ماركا الجنوبية، المغيرات - مقابل شركة الكوكاكولا
شركة البراءة للتجهيزات الطبية,إعاقات متعددة,جهة خاصة;عمان,habdir248,المراكز والمؤسسات,الأردن,,baraa.bmc@gmail.com,عمان، جبل الحسين، دوار الداخلية - شارع الرازي - بناء 116
مركز الخزامى,إعاقات متعددة,جهة خاصة;عمان,habdir251,المراكز والمؤسسات,الأردن,,info@khuzamajo.org,عمان، شارع الإستقلال، خلف وزارة التنمية الإجتماعية
جمعية بناة الوطن لرعاية وتأهيل المعوقين,إعاقات متعددة,جهة حكومية;عمان,habdir253,المراكز والمؤسسات,الأردن,,,عمان، الأشرفية، شارع سوق عكاظ 
جمعية أبو علندا للتنمية الاجتماعية,إعاقات متعددة,جهة تطوعية;عمان,habdir256,المراكز والمؤسسات,الأردن,962797156966,,عمان، أبو علندا، شارع الكهف - داخل حديقة الشهيد محمد حمد الحنيطي 
جمعية الحياة لرعاية وتأهيل المعوقين الخيرية,إعاقات متعددة,جهة تطوعية;عمان,habdir262,المراكز والمؤسسات,الأردن,,association.alhayat.jo@gmail.com,عمان، الدوار الأول، شارع الرينبو
جمعية الزهراء الخيرية لرعاية الطفولة,إعاقات متعددة,جهة خاصة;عمان,habdir263,المراكز والمؤسسات,الأردن,962797795905,kurdi_hana@yahoo.com,عمان، تلاع العلي، خلف وزارة الزراعة - عمارة 29
جمعية تنمية المرأة الأردنية للصم,إعاقات سمعية,جهة حكومية;عمان,habdir265,المراكز والمؤسسات,الأردن,962777991499,deaf-women@hotmail.com,عمان، جبل الحسين، دوار المأمونية
جمعية أنا إنسان للأشخاص ذوي الإعاقة,إعاقات متعددة,جهة تطوعية;عمان,habdir267,المراكز والمؤسسات,الأردن,,iamahuman.isia@yahoo.com,عمان، شارع الاردن، عرجان - شارع رشيد بقدونس - مبنى 15
الهيئة الهاشمية للمصابين العسكريين,إعاقات متعددة,جهة حكومية;عمان,habdir268,المراكز والمؤسسات,الأردن,962795859211,hcdsjo@yahoo.com,عمان، حي المدينة الرياضية، منطقة الكرسي، بجانب أسواق السلام - شارع الشعب 
جمعية الجنوب للتربية الخاصة,إعاقات متعددة,جهة تطوعية;معان,habdir269,المراكز والمؤسسات,الأردن,,,معان، الطريق الصحراوي، قرب مبنى المحافظة
جمعية البادية الوسطى لذوي الإحتياجات الخاصة,إعاقات متعددة,جهة تطوعية;عمان,habdir270,المراكز والمؤسسات,الأردن,962777244883,,عمان، الموقر، بجانب مركز الملكة رانيا العبدالله لتكنولوجيا المعلومات 
جمعية شمس الأمل لرعاية الأشخاص ذوي الإعاقة,إعاقات متعددة,جهة تطوعية;عمان,habdir271,المراكز والمؤسسات,الأردن,962776750720,shmsalamal@gmail.com,عمان، سحاب، الحي الشمالي ، مجمع الباصات القديم - شارع صالة السيتي 
الجمعية الأردنية للعلاج الوظيفي,إعاقات متعددة,جهة تطوعية;عمان,habdir275,المراكز والمؤسسات,الأردن,962776085300,jost.jordan@gmail.com,عمان، وادي صقرة، شارع عرار
مركز النورس للنطق واللغة,إعاقات متعددة,جهة خاصة;عمان,habdir276,المراكز والمؤسسات,الأردن,,alnourascenter@yahoo.com,عمان، العبدلي، مجمع شيكاغو التجاري - ط1- مكتب 10
جمعية تدريب وتأهيل الفتيات المعاقات الخيرية,إعاقات متعددة,جهة تطوعية;عمان,habdir277,المراكز والمؤسسات,الأردن,,training_girls@yahoo.com,عمان، النزهة، خلف استقلال مول، مقابل مجمع سفيان الثوري - مبنى رقم 28
مركز التأهيل المجتمعي للمعاقين/ مخيم الطالبية,إعاقات متعددة,جهة دولية;عمان,habdir278,المراكز والمؤسسات,الأردن,,crc.talbeah@yahoo.com,عمان، الجيزة، مخيم الطالبية - قرب مدرسة الطالبية الثانوية للبنات 
مركز التأهيل المجتمعي للمعاقين/ الوحدات,إعاقات متعددة,جهة دولية;عمان,habdir279,المراكز والمؤسسات,الأردن,962796962578,wehdatcbr96@yahoo.com,عمان، مخيم الوحدات، شارع مدارس وكالة الغوث 
جمعية شرق عمان الخيرية,إعاقات حركية,جهة خاصة;عمان,habdir280,المراكز والمؤسسات,الأردن,,east.amman@yahoo.com,عمان، ماركا الجنوبية، شارع صالح حسن هملان، دوار اليونيسيف - مقابل مؤسسة نهر الاردن 
مركز العناية والرعاية للتربية الخاصة,إعاقات متعددة,جهة خاصة;عمان,habdir281,المراكز والمؤسسات,الأردن,,,عمان، القسطل، جسر المطار - قرب كازية النبر 
جمعية أهالي وأصدقاء الأشخاص المعوقين,إعاقات متعددة,جهة تطوعية;عمان,habdir282,المراكز والمؤسسات,الأردن,,fsspd17@gmail.com,عمان، جبل الحسين، شارع الجليل، قرب جامع المحسنين، مقابل مدرسة الرشيد الأساسية - بناية رقم 86
المدرسة العربية للتربية الخاصة,إعاقات متعددة,جهة خاصة;عمان,habdir283,المراكز والمؤسسات,الأردن,,arabicsse@yahoo.com,عمان، البنيات، شارع الحرية - بجانب صالة فينيسيا 
أكاديمية العصام للتربية الخاصة,إعاقات متعددة,جهة خاصة;عمان,habdir284,المراكز والمؤسسات,الأردن,,alessam.academy@gmail.com,عمان، مرج الحمام، إسكان سلطة المصادر الطبيعية - خلف محطة أبو زهرة للمحروقات 
مركز بدوة للتربية الخاصة,إعاقات ذهنية,جهة تطوعية;عمان,habdir285,المراكز والمؤسسات,الأردن,,sehanafseh@hotmail.com,عمان، اللويبدة، شارع عادل زعيتر - بجانب مكتب منظمة التحرير الفلسطينية 
الأكاديمية الأردنية للرعاية الشاملة,إعاقات ذهنية,جهة خاصة;عمان,habdir286,المراكز والمؤسسات,الأردن,,,عمان، ضاحية الرشيد 
مركز إصرار للتربية الخاصة,إعاقات متعددة,جهة خاصة;عمان,habdir287,المراكز والمؤسسات,الأردن,,israr.academy.jo@gmail.com,عمان، الرابية، مقابل مطعم أريج الشام - فيلا 19 
المركز الدولي للتدخل السلوكي,إعاقات ذهنية;توحد,جهة خاصة;عمان,habdir288,المراكز والمؤسسات,الأردن,962797760333,ibic.jordan@gmail.com,عمان، الجبيهة، حي ام زويتينة، مقابل التعليم العالي - بجانب مدارس ليمار
مركز شمس الأردن للتربية الخاصة,إعاقات ذهنية,جهة خاصة;عمان,habdir289,المراكز والمؤسسات,الأردن,962797769640,shamsalordon@gmail.com,عمان، جاوا، قرب معصرة الزيتون 
مركز السوسنة للتربية الخاصة,إعاقات ذهنية,جهة خاصة;عمان,habdir290,المراكز والمؤسسات,الأردن,962795553489,iris4special@gmail.com,عمان، أبو نصير، قرب مستشفى الرشيد 
مركز التحدي للتربية الخاصة,إعاقات ذهنية,جهة خاصة;عمان,habdir291,المراكز والمؤسسات,الأردن,962790797172,althaddi4se@gmail.com,عمان، طريق المطار، بجانب جامعة الشرق الأوسط للدراسات العليا
مركز المنار للتنمية الفكرية / سحاب,إعاقات ذهنية,جهة حكومية;عمان,habdir292,المراكز والمؤسسات,الأردن,962776986334,,عمان، سحاب، العبدلية، طريق خشافية الدبايبة - قرب مركز شباب وشابات لواء سحاب 
معهد التصحيح الزائد للتربية الخاصة,إعاقات ذهنية,جهة خاصة;عمان,habdir293,المراكز والمؤسسات,الأردن,962786198616,h14seham@gmail.com,عمان، طبربور، إسكان الجيش، بجانب مبنى المتقاعدين العسكريين - مبنى رقم 16 
مركز القرية العربية لذوي التحديات الخاصة,إعاقات ذهنية,جهة خاصة;عمان,habdir294,المراكز والمؤسسات,الأردن,,info@arabic.village-jo.com,عمان، شفا بدران، شارع عبد الحميد أبو ريشة، قرب مسجد الصابرين - قرب مركز الرعاية و الأيتام 
جمعية أجواء الأردن الخيرية,إعاقات ذهنية,جهة تطوعية;عمان,habdir295,المراكز والمؤسسات,الأردن,,info@ajwaa.org,عمان، أبو نصير، حي السعادة، شارع الكرامة - إشارة النصيرات - ط 1 - مكتب 7 
مؤسسة إدراك للتربية الخاصة,إعاقات ذهنية,جهة خاصة;عمان,habdir296,المراكز والمؤسسات,الأردن,962798853637,zinagwor@yahoo.com,عمان، الدوار السابع، شارع إبراهيم القطان - فيلا رقم 27
معهد الشرق الأوسط للتربية الخاصة,إعاقات ذهنية,جهة خاصة;عمان,habdir297,المراكز والمؤسسات,الأردن,,meise.info@gmail.com,عمان، طبربور، خلف أسواق بدران - قرب مركز الفاروق للقرآن 
مركز المدار الدولي للتربية الخاصة,إعاقات ذهنية,جهة خاصة;عمان,habdir298,المراكز والمؤسسات,الأردن,,almadar.center@yahoo.com,عمان، المقابلين، الحسينية، دوار جويعد - قرب مدراس الحسينية  للذكور - بناء رقم 12 - ط.ارضي
مركز دنيا الطفل لذوي الاحتياجات الخاصة,إعاقات ذهنية,جهة خاصة;عمان,habdir299,المراكز والمؤسسات,الأردن,962791473035,,عمان، أبو علندا، حي الشيوخ _ مقابل مجمع زهرة الاردن - بناء رقم 14 
جمعية بيت المقدس الخيرية,إعاقات ذهنية,جهة تطوعية;عمان,habdir300,المراكز والمؤسسات,الأردن,962795178973,bayt_almaqdes@hotmail.com,عمان، أم نوارة، شارع الدفاع المدني _ قرب مدارس صناع التفوق 
مركز أوكسجين للرعاية والتأهيل,إعاقات ذهنية,جهة خاصة;عمان,habdir301,المراكز والمؤسسات,الأردن,,o2jordan@hotmail.com,عمان، الدوار السابع، خلف محطة البرج للمحروقات، شارع عبدالرحمن خليفة - فيلا رقم 4
مركز السند للتدريب,إعاقات متعددة,جهة خاصة;عمان,habdir302,المراكز والمؤسسات,الأردن,,sundoskiswani@gmail.com,عمان، صويلح، شارع الملكة رانيا العبدالله، قرب مجدي مول - عمارة النبر - بناية رقم 313 - ط.أرضي
مدرسة المسار لخدمات تطور الطفل,إعاقات ذهنية,جهة خاصة;عمان,habdir303,المراكز والمؤسسات,الأردن,962795000048,info@almsar.edu.jo,عمان، خلدا، شارع الباقورة - بناء رقم 30
مركز جاك سركيس,إعاقات متعددة,جهة خاصة;عمان,habdir304,المراكز والمؤسسات,الأردن,,info@jacksarkis.com,عمان، خلدا، شارع وصفي التل - بناء339
مركز رشا للتربية الخاصة,إعاقات متعددة,جهة خاصة;عمان,habdir305,المراكز والمؤسسات,الأردن,,ksawla3@orange.jo,عمان، جبل عمان، شارع رياض المفلح، مقابل السفارة الفلسطينية - عمارة 34
جمعية الهبة للأيتام ذوي الاعاقة,إعاقات متعددة,جهة تطوعية;عمان,habdir306,المراكز والمؤسسات,الأردن,962796411221,hebaorphansorg@yahoo.com,عمان، ماركا الشمالية، مقابل بنك الإسكان، مجمع علي الحواري - ط2 - مكتب 13 
مركز الحاجة رفيقة لذوي الاحتياجات الخاصة النهاري الخيري للإعاقات الذهنية,إعاقات ذهنية,جهة تطوعية;عمان,habdir307,المراكز والمؤسسات,الأردن,962795431828,rafikasadkatzakah@yahoo.com,عمان، الوحدات، حي أم تينة الجنوبي، شارع النهر بجانب المركز الصحي - حي العودة 
جمعية نعمل لأجلكم,إعاقات متعددة,جهة تطوعية;عمان,habdir308,المراكز والمؤسسات,الأردن,,,عمان، الهاشمي الشمالي، قرب جمعية النوارس
جمعية التكاتف للصم والأيتام الخيرية,إعاقات سمعية,جهة تطوعية;عمان,habdir309,المراكز والمؤسسات,الأردن,962797808998,,عمان، الوحدات، خلف حلويات السهل الاخضر 
مركز أطلس الشرق للتوحد وتنمية القدرات,توحد,جهة خاصة;عمان,habdir310,المراكز والمؤسسات,الأردن,,info@ea-autsim.com,عمان، الجبيهة، خلف مدارس الإبداع التربوي 
مركز الهدبان للتربية الخاصة,إعاقات متعددة,جهة خاصة;عمان,habdir311,المراكز والمؤسسات,الأردن,962778437080,info@alhadbancenter.com,عمان، الجبيهة، ضاحية الرشيد - شارع زينب الأسدية - بناية 24
مركز التداوي لذوي الإعاقة,إعاقات متعددة,جهة خاصة;عمان,habdir312,المراكز والمؤسسات,الأردن,,,عمان، وادي السير، البحاث
الجمعية الأردنية للفنيل كيتون الخيرية,إعاقات ذهنية,جهة تطوعية;عمان,habdir313,المراكز والمؤسسات,الأردن,962796417636,f.davvagh@yahoo.com / salehdabbagh@yahoo.com,عمان، الجاردنز، عمارة البنك الإسلامي - مكتب رقم 301
المركز العربي للتربية الخاصة,إعاقات ذهنية,جهة خاصة;عمان,habdir314,المراكز والمؤسسات,الأردن,962795661397,thearabcenter_se@yahoo.com,عمان، أم السماق، شارع إبراهيم مفلح العساف - فيلا30
مركز وائل الترك للتجهيزات الطبية والسمعية,إعاقات سمعية,جهة خاصة;عمان,habdir315,المراكز والمؤسسات,الأردن,,alturkwael@yahoo.com,عمان، جبل الحسين، دوار فراس، مجمع لؤلؤة القريني - ط 3
مركز عمر بن الخطاب للأطراف الإصطناعية والمقومات الطبية,إعاقات حركية,جهة خاصة;عمان,habdir316,المراكز والمؤسسات,الأردن,962795339699,jmcmt.obk@gmail.com,عمان، شارع الخالدي، مجمع ماجي الطبي - بناء رقم (19)
مركز عمان للتوحد,توحد,جهة خاصة;عمان,habdir317,المراكز والمؤسسات,الأردن,962795241142,ammanautsim2007@gmail.com,عمان، طبربور، نزلة السهل الاخضر- بناء رقم 51
جمعية الياسمين لأطفال الداون,متلازمة داون,جهة تطوعية;عمان,habdir319,المراكز والمؤسسات,الأردن,962796593838,info@yasmeen-jo.com,عمان، مرج الحمام، خلف مدرسة أم عبهرة للبنين 
حضانة وروضة ألوان للتعليم المبكر,إعاقات متعددة,جهة خاصة;عمان,habdir321,المراكز والمؤسسات,الأردن,962787661155,colorsnursrey@hotmail.com,عمان، الجبيهة، شارع عبدالله بن خلاد، خلف البنك العربي، عمارة رقم 11 - ط ارضي
المدرسة النموذجية للتربية الخاصة,إعاقات متعددة,جهة خاصة;عمان,habdir322,المراكز والمؤسسات,الأردن,962789332944,info@namothajia.com,عمان، طريق مطار الملكة علياء الدولي، خريبة السوق - خلف مدارس بيت المقدس 
مركز المنار للتنمية الفكرية / المقابلين,إعاقات ذهنية,جهة حكومية;عمان,habdir323,المراكز والمؤسسات,الأردن,962796551080,,عمان، ضاحية الحج حسن، شارع الإذاعة - مقابل ضريبة الدخل 
مركز الرازي للتربية الخاصة,إعاقات ذهنية,جهة خاصة;عمان,habdir324,المراكز والمؤسسات,الأردن,962796963963,,عمان، الدوار السابع، شارع إبراهيم القطان - بجانب ميوزيك بوكس 
مركز الأمل للتربية الخاصة,إعاقات ذهنية,جهة تطوعية;عمان,habdir325,المراكز والمؤسسات,الأردن,,yusraqazazz@yahoo.com,عمان، بيادر وادي السير، حي الجندويل، شارع أحمد عقلة النسور - بناء رقم 29
الجمعية الوطنية لذوي الاحتياجات الخاصة,إعاقات ذهنية,جهة خاصة;عمان,habdir326,المراكز والمؤسسات,الأردن,,nasn@orange.jo,عمان، الجاردنز، شارع حكيم بن حزام - فيلا رقم 4